nan,nan,nan,nan,nan,nan,nan,nan,nan,nan,nan,nan,nan,nan,nan,nan,nan,nan,nan,nan,nan,nan,nan,nan,nan,nan,nan,nan,nan,nan,nan,nan,nan,nan,nan,nan,nan,nan,nan,nan,nan,nan,nan,nan,nan,nan,nan,nan,nan,nan,nan,nan,nan,nan,nan,nan,nan,nan,nan,nan,nan,nan,nan,nan,nan,nan,nan,nan,nan,nan,nan,nan
nan,nan,nan,nan,nan,nan,nan,nan,nan,nan,nan,nan,nan,nan,nan,nan,nan,nan,nan,nan,nan,nan,nan,nan,nan,nan,nan,nan,nan,nan,nan,nan,nan,nan,nan,nan,nan,nan,nan,nan,nan,nan,nan,nan,nan,nan,nan,nan,nan,nan,nan,nan,nan,nan,nan,nan,nan,nan,nan,nan,nan,nan,nan,nan,nan,nan,nan,nan,nan,nan,nan,nan
nan,nan,nan,nan,nan,nan,nan,nan,nan,nan,nan,nan,nan,nan,nan,nan,nan,nan,nan,nan,nan,nan,nan,nan,nan,nan,nan,nan,nan,nan,nan,nan,nan,nan,nan,nan,nan,nan,nan,nan,nan,nan,nan,nan,nan,nan,nan,nan,nan,nan,nan,nan,nan,nan,nan,nan,nan,nan,nan,nan,nan,nan,nan,nan,nan,nan,nan,nan,nan,nan,nan,nan
nan,nan,nan,nan,nan,nan,nan,nan,nan,nan,nan,nan,nan,nan,nan,nan,nan,nan,nan,nan,nan,nan,nan,nan,nan,nan,nan,nan,nan,nan,nan,nan,nan,nan,nan,nan,nan,nan,nan,nan,nan,nan,nan,nan,nan,nan,nan,nan,nan,nan,nan,nan,nan,nan,nan,nan,nan,nan,nan,nan,nan,nan,nan,nan,nan,nan,nan,nan,nan,nan,nan,nan
nan,nan,nan,nan,nan,nan,nan,nan,nan,nan,nan,nan,nan,nan,nan,nan,nan,nan,nan,nan,nan,nan,nan,nan,nan,nan,nan,nan,nan,nan,nan,nan,nan,nan,nan,nan,nan,nan,nan,nan,nan,nan,nan,nan,nan,nan,nan,nan,nan,nan,nan,nan,nan,nan,nan,nan,nan,nan,nan,nan,nan,nan,nan,nan,nan,nan,nan,nan,nan,nan,nan,nan
nan,nan,nan,nan,nan,nan,nan,nan,nan,nan,nan,nan,nan,nan,nan,nan,nan,nan,nan,nan,nan,nan,nan,nan,nan,nan,nan,nan,nan,nan,nan,nan,nan,nan,nan,nan,nan,nan,nan,nan,nan,nan,nan,nan,nan,nan,nan,nan,nan,nan,nan,nan,nan,nan,nan,nan,nan,nan,nan,nan,nan,nan,nan,nan,nan,nan,nan,nan,nan,nan,nan,nan
nan,nan,nan,nan,nan,nan,nan,nan,nan,nan,nan,nan,nan,nan,nan,nan,nan,nan,nan,nan,nan,nan,nan,nan,nan,nan,nan,nan,nan,nan,nan,nan,nan,nan,nan,nan,nan,nan,nan,nan,nan,nan,nan,nan,nan,nan,nan,nan,nan,nan,nan,nan,nan,nan,nan,nan,nan,nan,nan,nan,nan,nan,nan,nan,nan,nan,nan,nan,nan,nan,nan,nan
nan,nan,nan,nan,nan,nan,nan,nan,nan,nan,nan,nan,nan,nan,nan,nan,nan,nan,nan,nan,nan,nan,nan,nan,nan,nan,nan,nan,nan,nan,nan,nan,nan,nan,nan,nan,nan,nan,nan,nan,nan,nan,nan,nan,nan,nan,nan,nan,nan,nan,nan,nan,nan,nan,nan,nan,nan,nan,nan,nan,nan,nan,nan,nan,nan,nan,nan,nan,nan,nan,nan,nan
7.393575739115476608e-02,1.110281150322407484e-01,7.737371948314830661e-02,7.752504727977793664e-02,9.894083386097918265e-02,6.385511053213122068e-02,3.961840617807865783e-02,4.449674107917190452e-02,5.420132072838158149e-02,3.975707408555351208e-02,1.218218548352023589e-02,5.863040699945143430e-03,4.802469167705936993e-03,2.410461101770315639e-02,7.173855626046636569e-02,1.672658771859108773e-01,1.570091173198446544e-01,1.307052206284459728e-01,1.149102370263799106e-01,1.059104463786300077e-01,4.259969104901989434e-02,5.647862469051291578e-02,6.175597931542498031e-02,4.061719446281220058e-02,4.428596712375587607e-02,3.878173584050165212e-02,5.398982665018793592e-02,9.223216374982537435e-02,1.214805570748178909e-01,1.260401892787895717e-01,1.138739527048339972e-01,1.100603569493112527e-01,1.251597275074674831e-01,1.404004008754182464e-01,1.137118056710583053e-01,1.004833191706742263e-01,1.108021993208429534e-01,1.186886978340273430e-01,8.800320161983682388e-02,3.174531511616039692e-02,4.546095047990811322e-02,-3.113490787636924439e-04,-1.127384382480113925e-02,2.229884787650473696e-02,7.646789904497953982e-02,1.200248779258700632e-01,8.522140126430920171e-02,6.793297241380794049e-02,7.698324455631519458e-02,8.674581195864265737e-02,1.416864577580322360e-01,1.716716186118331655e-01,1.479179060313157157e-01,9.197947620980570504e-02,8.799486759958821680e-02,6.199871600582738951e-02,1.354996763192478360e-01,1.988749181857422943e-01,2.247187340167839109e-01,2.549296839512307788e-01,1.437324191996683376e-01,1.034331074821260993e-01,9.085827821163602880e-02,8.521456955290901414e-02,8.559159639829662380e-02,7.835915704159504558e-02,7.261049612633527217e-02,6.565262343553736335e-02,8.016315652943659109e-02,1.025407914792920427e-01,5.063519731102945898e-02,2.114273889906347417e-02
5.303839081898331642e-02,4.471761884633451700e-02,6.365314070717431605e-02,5.333631192479515448e-02,4.996183813818789315e-02,5.306476522537195706e-02,5.315051549189320212e-02,5.187151288865265997e-02,3.388178554892107286e-02,2.148432277973633120e-02,-1.550561448282472554e-04,-4.436325809864860581e-03,3.834169624211672400e-02,6.217011503369182512e-02,8.441964274145803693e-02,9.364210189754178237e-02,7.873219095511836685e-02,6.210369018923143913e-02,4.737985357197846414e-02,3.987070089095017672e-02,3.566147086648439879e-02,4.504963214851492870e-02,3.433272852415113208e-02,2.976913273996181428e-02,2.167404091151075435e-02,3.358484716661651326e-02,4.661163106920292176e-02,6.370623637080681523e-02,6.167174373775843182e-02,7.473332868196101708e-02,9.095580611670397997e-02,8.593712494781709232e-02,7.533740189177566549e-02,9.819132632638706559e-02,1.375958486065906594e-01,1.433315168734799472e-01,1.280520382254424216e-01,1.117786963216737539e-01,8.187377575616726355e-02,6.640635461504432180e-02,1.136586909018336977e-01,7.635932417642024572e-02,3.349644627203158392e-02,7.146794577540113713e-02,1.606854448221652631e-01,1.099197553968064289e-01,1.093081977808384175e-01,7.438297375648986187e-02,5.109574317835214458e-02,6.027393706118673589e-02,9.006848538288377004e-02,1.250171204516512813e-01,1.562542801129128134e-01,1.665635676440423985e-01,1.791408911659525538e-01,1.597852230150055564e-01,1.286963030715423673e-01,1.246740732346881819e-01,1.411685177126255908e-01,9.779212756551125540e-02,9.448031295331366097e-03,5.736200659448704303e-02,6.184050105257531127e-02,7.046012496512060741e-02,7.261503001193435336e-02,6.065375701869584607e-02,5.016343940368557519e-02,4.754085906861042765e-02,5.188521387308293181e-02,5.547130391530556703e-02,6.886782754344832058e-02,5.047655414357307690e-02
4.749131435528397560e-02,4.073337337467819452e-02,4.857000117772258818e-02,5.067711175797740691e-02,6.191609949200937990e-02,7.334738262079554261e-02,8.118629837429125473e-02,6.874884387949009579e-02,5.966693279916768233e-02,4.261309310241223614e-02,3.857930943231702159e-02,2.915391560609370547e-02,1.566343568722463817e-02,1.173403696271294733e-02,4.715708602481214623e-02,8.373448428763231866e-02,8.326500092882235804e-02,3.396507980597098658e-02,2.706660068202038777e-02,4.480145433586840698e-02,5.523256102959812897e-02,6.537575619856640652e-02,5.138310853066574424e-02,2.781970581889781080e-02,4.086264634251751682e-02,5.075601591199675744e-02,7.335060488067576823e-02,1.024019839884899724e-01,1.111483120054518881e-01,1.254857478819915717e-01,1.486886236390131122e-01,1.181866214504007778e-01,1.151183206794203356e-01,1.370334205269203021e-01,1.447298570781793692e-01,1.432326689191124602e-01,1.137260615782802742e-01,8.641998395216626827e-02,7.377655412974994109e-02,7.098216093138616511e-02,6.875068297375182269e-02,4.065159096789593141e-02,7.442756889939889167e-03,-1.119406582820401189e-02,1.180930140885714380e-02,2.754152865030617611e-02,5.104136355424486460e-02,5.208013877323409979e-02,3.552003419039433119e-02,5.638000702022955696e-02,1.090949987003193428e-01,1.247737498240914511e-01,1.686934404362551154e-01,1.946733599600521669e-01,1.361683384998969293e-01,1.315420810486955527e-01,1.153855179524939101e-01,9.134637948812347752e-02,8.033659451812830143e-02,3.008414840601465745e-02,1.502103693386560093e-02,-1.244740654774890813e-03,4.688814724547568126e-03,1.617220334586076669e-02,1.404305061294777376e-02,8.510762541478235355e-03,1.212769041185214093e-02,3.031922602963035233e-03,-4.242019237500531913e-03,-6.060504697616424241e-03,1.598487343444041087e-02,3.086904661215496976e-02
1.643348718062043190e-02,2.987357706297189344e-02,3.969554815557785332e-02,7.535959088272647932e-02,8.850965475903649349e-02,8.759245605733667617e-02,6.730608631289669574e-02,4.790898782292174474e-02,4.941692947665643487e-02,3.572878707031357237e-02,2.338354266206410514e-02,1.461439387629426268e-02,3.771915704416731185e-02,3.442665387046212749e-02,4.001491752478449071e-02,5.579707085394106092e-02,6.156044468110611484e-02,5.451994416260672049e-02,5.838749066352724379e-03,-1.789792555561665194e-02,1.177342534288642467e-04,3.828066685051284557e-02,4.206320015899976672e-02,4.751570459036191796e-02,6.960586256242831671e-02,1.173874730777170194e-01,1.277215032505846504e-01,1.853861026149952740e-01,2.125760344709447525e-01,1.582173041513932898e-01,1.109997743619326044e-01,7.259469856204696370e-02,9.428045992896484651e-02,1.646300016463933535e-01,1.658370136872216460e-01,1.423888657156448523e-01,1.070486512945051233e-01,8.593435541207480877e-02,7.403466932578606219e-02,5.160944254163335465e-02,1.997706281726169264e-02,1.754911264115226188e-02,1.670692726431700567e-02,-1.622657325253284641e-02,2.569280654554639831e-04,4.299556240663839068e-02,4.051772973090636554e-02,2.760938881561216668e-02,4.938393633496029889e-02,5.568824472757991084e-02,5.729019582950278106e-02,7.323463805189531217e-02,1.108086569797764320e-01,1.067733027647378569e-01,8.108560854222482406e-02,1.077714043707303782e-01,1.294428501986129298e-01,1.048607099978293711e-01,4.121517716418121591e-02,2.803794458683368275e-03,-1.429905105005302955e-02,-8.574762650754548868e-03,-1.464369038329186440e-02,-1.116092242818490267e-02,-1.529023032764945111e-02,-2.132255719075688144e-02,-1.033063918593051141e-02,-7.582659684723918464e-03,-9.395664753542917053e-03,2.651083699855561783e-03,3.162770869084535752e-03,9.899064400667532959e-03
3.710274863988161087e-02,5.128473998047411442e-02,5.756904237205162644e-02,6.773005345894489437e-02,4.637849031496443786e-02,4.485267512154678116e-02,6.699863476592327061e-02,7.350414346416300759e-02,4.783487158705668207e-02,4.524023883712757765e-02,2.348241223189351246e-02,-1.120703862006933171e-02,-6.657814162213282483e-03,-1.480750821586417076e-02,-2.922747537507605284e-02,-7.647000886534631447e-03,2.459499969146276832e-02,3.098133854334956735e-02,4.183512762130649210e-02,2.848807588205077082e-02,2.284365532916123043e-02,3.225279230157865329e-02,7.206563931773189713e-02,9.288278105872393997e-02,1.253605817333298955e-01,1.521014635656137703e-01,1.039744762056534350e-01,6.884647527022820512e-02,7.339068593751306435e-02,7.977656111660330618e-02,6.185375997931442937e-02,3.257125081993809262e-02,4.471422412091908410e-02,9.849046090765400940e-02,9.394189043473105682e-02,6.020892243492330376e-02,6.242850753393701380e-02,5.757591862908734148e-02,5.676605177281233983e-02,6.385648808717213354e-02,3.751268284231296102e-02,2.524056716315416227e-02,8.143614657353529657e-03,1.509257863651493337e-02,4.120015752044270049e-03,4.618272865854872872e-02,4.441913434004578221e-02,1.657925646910020021e-02,1.337598848196106319e-02,6.180634495579262477e-02,8.990762978037958320e-02,9.888899661412031694e-02,1.372222480359429897e-01,7.965820722735808546e-02,4.811984177792292400e-02,2.702996010920460240e-02,3.175749039983018218e-02,6.293937323325689281e-02,1.573484330831422320e-02,-2.106628861412790030e-02,-2.276657176237649460e-02,-3.319164279158250824e-02,-4.329791084690724073e-02,-4.332447745095648756e-02,-4.083111962350944452e-02,-2.520777957060123253e-02,-2.130194455737418127e-02,-1.282548597170548102e-02,4.293628339435566314e-03,8.573406917220829232e-03,7.143351617546498354e-03,1.106152506435702752e-02
1.129657705314457417e-02,-6.683421495836228132e-03,1.113767708011437207e-02,5.647411702739191242e-02,6.182478867140162038e-02,7.784515650860157621e-02,5.430207409409604224e-02,1.677175147570153513e-02,-3.271275688400621107e-02,-4.136806243208734912e-02,-4.741382384932957272e-02,-4.739205578872790481e-02,-4.364647446798590458e-02,-5.242688513976163922e-02,-7.362234482462660934e-02,-7.330664871706429886e-02,-2.114883221331701618e-02,1.883661614819500535e-02,5.552323204686576349e-03,6.008921974460540438e-02,1.264570533324287926e-01,9.471181572946425764e-02,7.966094971068828079e-02,7.334135972054831032e-02,1.136329708643761885e-02,3.024417519109449948e-02,4.069033750217905532e-02,4.689331993580642816e-03,1.172476927182377129e-02,3.789034652149007171e-02,3.470010701240432149e-02,5.207228752899497465e-03,2.026792366502889325e-02,5.267071847915204275e-02,8.047281050383933709e-02,1.006069086335596718e-01,8.610233165863895310e-02,1.591885477439498875e-02,-1.426574770327424663e-02,-3.986797751774429424e-03,-2.352930104590705146e-02,-2.163389525899601581e-02,-1.899415560896026978e-02,9.566540529740780868e-03,3.663877832651458999e-02,6.967595887124618248e-02,8.185552600011249125e-02,5.116917141523216750e-02,6.279229173622095928e-02,1.206980733810900652e-01,1.726745202824234715e-01,1.856686282824665246e-01,1.439171609449185485e-01,1.034792929184386590e-01,6.586982512950771695e-02,2.646745699018208595e-02,6.911686611019066118e-02,7.477921850195151654e-02,8.369480410394723735e-02,1.034236991819681151e-01,-9.144074422197008556e-03,-7.478601698504797057e-02,-4.946504553598444001e-03,-8.736625970761547136e-03,3.158439170915464805e-04,1.328961649825141644e-03,-4.466775904737661784e-02,-1.616693965008544551e-02,-1.654173463312458986e-02,1.836456583880466051e-02,3.209114131068954712e-02,3.584692996348756017e-02
-5.647240951657295227e-02,-5.289017874747514725e-02,-6.378384423442184925e-02,-5.286406335653737187e-02,-3.557866434857714921e-02,-1.950687448334065266e-02,-3.208962707503815182e-04,-3.427719970864018251e-02,-8.984346104244875231e-02,-1.551041160091272686e-01,-9.602392009309211607e-02,-2.760534433377603847e-02,1.235051341888104837e-02,-3.686609519512257238e-02,-3.935797426350613748e-02,-3.320767615797048239e-02,-2.490433882192255588e-02,-2.723731151599556588e-02,-4.037331895624317324e-02,-2.284781568148414044e-02,1.504263577883770131e-02,-1.144984942419993365e-02,-1.118309614371177513e-02,1.112389516753227101e-02,5.557864552170710230e-03,-1.089587117969227983e-02,-3.707598443016218992e-02,-3.624260033216279708e-02,2.112938606375947687e-03,8.843390167041246738e-03,-1.902183543820277004e-03,-1.664142404401777048e-02,1.871273177513361335e-02,4.377992980840027248e-02,3.224509108976081340e-02,-4.423821992785847979e-04,-3.762375476526994000e-02,-2.487999598202055018e-02,9.514979490347342389e-03,-3.096489367706667210e-03,-1.221044038927135075e-02,2.206941332309052956e-02,2.375878349788140831e-02,3.386404354335653677e-02,5.515245718002763364e-02,7.936030532479398936e-02,9.281064080834418306e-02,6.861148838609464062e-02,7.465287407092752181e-02,7.866321903927252224e-02,1.196658043872891042e-01,1.249164499047293875e-01,1.387291142643216901e-01,1.396822808757604006e-01,1.474205672387078614e-01,1.993551395745027932e-01,2.348387872778115171e-01,2.212096983095689917e-01,1.578024274086128886e-01,1.669506091245803181e-01,6.923765259779475489e-02,1.730941314944868872e-02,-1.922646572939441627e-03,8.641720042066800000e-03,4.155193744335827083e-03,-6.461201396277979798e-03,-2.661529979027595083e-02,-2.415382409075221559e-02,2.396154423808226699e-02,3.349038591050895741e-02,3.837259673839756025e-02,-1.452495297102643010e-02
-5.999999959021806717e-02,-8.249999885447323322e-02,-9.312499949010089040e-02,-6.578124985389877111e-02,-4.144531190468114801e-02,-5.286132842320512282e-02,-7.571533396844642994e-02,-6.892883330584709256e-02,-6.973220854997919105e-02,-6.743305381387543207e-02,-3.935826341621595503e-02,-4.233956605894495517e-02,-2.808489112358075745e-02,-2.021222892653898318e-03,2.449469371804298065e-02,1.362367326187268260e-02,-1.409408175903763619e-02,-3.602352064465037113e-02,-3.900587949061033732e-02,-2.725146901583581222e-02,1.068713328620814196e-02,-2.482821652943634910e-02,-4.870705457939392136e-02,-5.576123521331371319e-02,-4.851451944709674058e-02,-6.275823074430439408e-02,-6.512388986311905270e-02,-7.375452953567740444e-02,-7.155174554137051779e-02,-4.763782903737739244e-02,-5.256664972798753832e-02,-5.873643475596290742e-02,-4.242202047960008660e-02,-4.397528098140171537e-02,-4.577158540763957145e-02,-5.373785495827224090e-02,-6.739714238809950408e-02,-8.144921869975181583e-02,-1.092868057661797870e-01,-6.782709531544511838e-02,-3.871001699953989517e-02,-3.041794110558856609e-02,-2.656165244175103662e-02,-9.764908612999091686e-03,9.573193549803701505e-03,3.168908746532892590e-02,6.114875678343647397e-02,5.221250970940558706e-02,6.555312765086881988e-02,6.638828358909784622e-02,4.159707033848091678e-02,6.289926780813764884e-02,9.572481888918536741e-02,1.289312051693311811e-01,1.447328020373908619e-01,1.411832009563825374e-01,1.052957986744737090e-01,1.088239492215836018e-01,5.470598901902944122e-02,-4.382350378832391979e-02,-6.595587751170289836e-02,-5.898896982496056041e-02,-8.974724357382722617e-02,-9.743680921707617570e-02,-6.935920129844065640e-02,-6.483979972856371288e-02,-6.870995015565833919e-02,-6.717748735265006987e-02,-4.179437127936896923e-02,-4.485930433596602152e-04,-5.112148149081206100e-03,-2.627803671130739954e-02
-1.187500003725290298e-01,-1.071874988265335560e-01,-8.179687440861016512e-02,-9.044921703753061593e-02,-1.076123032908071764e-01,-1.019030769402888836e-01,-1.079757687880373851e-01,-1.194939396638119433e-01,-1.123734844689181500e-01,-1.030933703721714778e-01,-7.827334188523771275e-02,-6.206833591834426400e-02,-6.801708420310348391e-02,-5.200427119978748292e-02,-2.050106763230880730e-02,-3.262526675906558815e-02,-4.565631724855993834e-02,-4.891407987093353282e-02,-4.722852011674499861e-02,-4.180712935863399593e-02,-5.045178144558883082e-02,-8.261294379677527888e-02,-1.006532341610544834e-01,-9.421592653719469690e-02,-1.096497468673385406e-01,-1.021705696365037830e-01,-7.156737656346955079e-02,-5.080936789749065929e-02,-5.981461875199775569e-02,-6.711678622305269903e-02,-7.692580960229009057e-02,-8.318000731874250486e-02,-1.076171353409904885e-01,-8.783163856591330587e-02,-7.146967570266511693e-02,-9.709347503950542524e-02,-1.109670132834969652e-01,-1.074081080143466232e-01,-7.007203665834702000e-02,3.094643437002589370e-02,1.827266944774351698e-01,-4.818019871206028967e-03,-4.296778548615448612e-02,-4.564706151400325929e-02,-4.991862342932402996e-02,-4.453849787185237136e-02,-2.036940293187015569e-03,1.726558618578460935e-02,-1.568360300651901185e-02,-3.642090049085942860e-02,-3.660522543936453599e-02,-6.651306415720489341e-03,3.083717313529955525e-02,6.270929298580166233e-02,6.067732224062203500e-02,2.266933039251744358e-02,-1.183266747637644507e-02,-3.295816712986443520e-02,-5.073954036685579538e-02,-1.151848841976442772e-01,-1.362962228375504126e-01,-1.265740531761901932e-01,-1.041435130705301304e-01,-5.853587847252349902e-02,-2.963396928285474963e-02,-8.740849053257435108e-02,-1.218521203979694156e-01,-9.046302875838785340e-02,-1.101157556994808440e-01,-1.400289378072831215e-01,-8.875723534589044506e-02,-8.937681041972098117e-02
-9.250000119209289551e-02,-9.812500141561031342e-02,-1.045312485657632351e-01,-9.363281109835952520e-02,-1.109082012844737619e-01,-1.252270467448397540e-01,-1.238067591530125355e-01,-1.134516893412182981e-01,-1.133629213667290969e-01,-1.058407290750835728e-01,-8.146018197074766931e-02,-7.786504467312305167e-02,-7.946626168982140470e-02,-9.486656654004244071e-02,-7.621664232418931539e-02,-3.655416065555313482e-02,-2.663854070405537872e-02,-2.540963685239448766e-02,-9.135241196981346012e-02,-6.533810297382691701e-02,-3.883452524054253896e-02,-4.220863104936531385e-02,-6.305215798585875331e-02,-7.510397097162718749e-02,-9.736215760482429260e-02,-1.093125559145537024e-01,-8.261962402001835071e-02,-6.396678876910560918e-02,-1.084214654863723953e-01,-1.079503591433378235e-01,-1.025368477050267596e-01,-7.831471177796033023e-02,-7.064722698892034192e-02,-6.407364512971261417e-02,-9.121511331570947290e-02,-1.157771298075040145e-01,-1.246924946403582812e-01,-9.843929918348987007e-02,-7.649759777322460985e-02,-1.031028493690864523e-01,-1.098017472636793335e-01,-1.077240631881379862e-01,-8.423493711657881189e-02,-7.168950117753833395e-02,-7.322687463742219571e-02,-6.173229728336564193e-02,-5.629825906007347724e-02,-6.034021903089895056e-02,-7.758505475772473070e-02,-8.439626503053568318e-02,-7.859906543807004820e-02,-6.714976669479363891e-02,-5.678744171095131271e-02,-4.919685964542686030e-02,-3.479921487410381209e-02,-5.119980416556078884e-02,-6.779995074336697680e-02,-8.694998612121981885e-02,-1.142374939971075587e-01,-1.310593726052072250e-01,-1.377648454609818052e-01,-1.169412109182106224e-01,-1.017353043686803904e-01,-9.543382545887074686e-02,-8.135845554515382105e-02,-8.533961336474782389e-02,-5.883490296865792613e-02,-6.720872596568189250e-02,-1.043021800013043537e-01,-1.510755412750357796e-01,-9.776888397765443051e-02,-8.756722039836715987e-02
-7.500000111758708954e-02,-8.875000244006514549e-02,-9.468750224914401770e-02,-9.867187667987309396e-02,-1.171679666367708705e-01,-1.267919880829140311e-01,-1.316979947855543287e-01,-1.354244978023189105e-01,-1.213561229604636083e-01,-9.283903260276105129e-02,-7.820975785266703895e-02,-7.955243812206225229e-02,-7.738810871095169741e-02,-6.684702751301405121e-02,-5.421175743704705757e-02,-5.605293980629660194e-02,-6.651323517509157013e-02,-7.162830849574966519e-02,-7.290707589459161087e-02,-6.268959135132963489e-02,-5.729489218522591798e-02,-5.721741962266337078e-02,-5.430435494291874221e-02,-4.256255205896519733e-02,-6.131041335917269963e-02,-5.981106941366383378e-02,-7.615416282033966866e-02,-9.504697604382049414e-02,-1.065716858541071732e-01,-9.119176407245546678e-02,-7.577772044784761296e-02,-5.788526026816898790e-02,-4.286171238474978384e-02,-5.345348204387459501e-02,-1.014712283641428514e-01,-1.468656095273875029e-01,-9.900691626984832461e-02,-9.067791953315078313e-02,-9.756374422368839505e-02,-1.426869222612615340e-01,-1.488919863872586458e-01,-1.236847324861302666e-01,-1.131754345867339306e-01,-1.178941385739371989e-01,-1.074230818523299186e-01,-8.267475288543432721e-02,-9.328639599540167193e-02,-8.386512403154952611e-02,-7.596628070986415071e-02,-9.149157181659377247e-02,-8.287289440701166299e-02,-6.321822311746516654e-02,-5.580455581661919462e-02,-6.395113783656770912e-02,-7.348778363957805815e-02,-8.337194538835387969e-02,-1.058429853785129993e-01,-1.089607458975934140e-01,-1.272401842392241744e-01,-1.393100478479453730e-01,-1.360775150539773048e-01,-1.165193783164594904e-01,-1.191298425674581218e-01,-1.172824591517484250e-01,-1.168206132978209938e-01,-1.217051507912578490e-01,-1.029262874742970513e-01,-9.323157082549297925e-02,-1.083078898751526215e-01,-8.957697246878815189e-02,-8.989424579940605287e-02,-8.622356351738763580e-02
-5.750000011175870895e-02,-6.687500025145709515e-02,-9.171874931780621409e-02,-7.792968610010575503e-02,-8.198241966238128953e-02,-1.129956023823979194e-01,-1.057489011916459276e-01,-1.064372272350624371e-01,-1.191093080008585048e-01,-9.227732886285977543e-02,-7.806933191769171998e-02,-7.451733175007713150e-02,-5.862933204344961124e-02,-4.965733222855144013e-02,-5.241433216306818493e-02,-4.560358277999672361e-02,-6.390089591851659534e-02,-8.097522345808851052e-02,-4.524380530572857939e-02,-2.881095093527666351e-02,-1.220273762206045692e-02,2.694931492393263378e-02,4.423732835845412686e-02,5.106002503086194688e-02,2.242004386152219100e-02,1.360569714802103980e-02,6.325365526719884182e-03,-3.854411898224452404e-02,-4.303358044020558215e-02,-3.417856017013943398e-02,-2.305082500418165203e-02,-3.472496263792151927e-02,-3.887143282247094989e-02,-3.457550871658451874e-02,2.877730458259264087e-03,-3.422987052443632328e-02,-4.322752533764394334e-02,-7.689009651147016289e-02,-9.053809951892169416e-02,-1.016490441092617047e-01,-9.678504197619275384e-02,-9.302236966496188475e-02,-8.570795712919404563e-02,-1.001426415097002448e-01,-1.120353449496449133e-01,-8.366483907185050251e-02,-7.316202784648054291e-02,-8.616923196879652802e-02,-9.404230963132687027e-02,-9.851057852541880711e-02,-9.712764347651471619e-02,-6.678191131616351139e-02,-7.169547753101765397e-02,-7.542386856319055477e-02,-7.635596818387892226e-02,-8.908899420663810020e-02,-1.022722486261653241e-01,-1.180680596233439350e-01,-1.195170128941792226e-01,-1.173792554587189813e-01,-1.343448161743597269e-01,-1.210862025534738262e-01,-1.177715491482523441e-01,-1.194428852754063214e-01,-9.986072161687480075e-02,-9.496517883959677830e-02,-1.037412929217598617e-01,-9.593532166581804355e-02,-1.039838286283151780e-01,-8.849595715707879451e-02,-8.712399063037420954e-02,-7.615599679146356493e-02
-3.000000026077032089e-02,-2.000000025145709515e-02,-4.250000062165781856e-02,-4.062500041618477553e-02,-3.515624954525264911e-02,-6.128906260983058019e-02,-8.782226729158537637e-02,-9.445556659937892618e-02,-7.861389135182150767e-02,-7.965347149685086947e-02,-6.991336675662562783e-02,-4.997834142838608606e-02,-5.749458528259071555e-02,-5.687364537069865278e-02,-1.421841134267466319e-02,-3.554602835668665799e-03,-3.338865044814684491e-02,-4.584716317083025600e-02,-6.396179101622498364e-02,-6.849044751191238345e-02,-9.622612045616159293e-03,1.509434706310176615e-02,5.627358698929286335e-02,8.348653184643621550e-02,7.240131427166669742e-02,5.217417032598904714e-02,-2.800170608909298246e-03,1.236959178999032585e-02,-2.063853421546603222e-03,-1.505171082385817725e-02,-1.149676633866737047e-02,1.914089345703251510e-03,-1.095011765478309806e-02,3.738813730035582018e-03,2.502363342188406933e-02,1.426340658066821421e-02,1.211818353827181019e-03,-3.922825957425053744e-02,-5.815233918549521375e-02,-5.555373587340588226e-02,-5.107172245316325687e-02,-4.891913114620402570e-02,-7.927676409143497027e-02,-8.245123207484257588e-02,-6.133201260098460061e-02,-4.961942021729708746e-02,-8.040804759830773307e-02,-1.113419355108602321e-01,-9.783548417573828537e-02,-1.169588722360274669e-01,-9.173971992165201594e-02,-7.543493020393042536e-02,-7.135873277450002772e-02,-7.033968341714241790e-02,-7.258492055626238060e-02,-8.064623013906559168e-02,-8.016155898762961085e-02,-7.254038997042482062e-02,-8.813509965327458173e-02,-9.453377655244638023e-02,-9.863344525569868460e-02,-1.071583608668898457e-01,-9.178959155782696888e-02,-8.544739788945673875e-02,-8.136185092522740803e-02,-7.034046161371976247e-02,-6.758511428584285108e-02,-5.189627778914975009e-02,-6.047406885124098630e-02,-7.011851691478701576e-02,-6.252962822286836642e-02,-3.313240689739225392e-02
1.499999966472387140e-02,1.249999972060322328e-03,-1.718750008149072528e-02,-3.179687533702235669e-02,-2.294921849897946231e-02,-3.823730436397454469e-02,-4.955932612824653916e-02,-6.988983071249776913e-02,-1.074724575291128303e-01,-9.686811468030143146e-02,-1.171702848381084294e-02,2.707074313981761016e-02,1.926768550555763015e-02,1.731692109699263515e-02,1.432923005073073741e-02,-6.417692263799897739e-03,-4.104423010070619958e-03,-1.602610541724152834e-02,-3.400652568375812923e-02,-2.350163108566340545e-02,9.124591893308022644e-03,3.978114760079798362e-02,9.494528593162401831e-02,1.060084059127661266e-01,8.157424701473346695e-02,5.853571760957745895e-02,5.511047369690067615e-02,2.363748069592149989e-02,6.132085723151346757e-03,1.379086313752943965e-02,1.716054752428369454e-03,-9.315813947479168952e-03,-4.757273257712583275e-03,1.142589951283234928e-02,6.773904474393771524e-03,-2.125235820516540447e-02,-2.209814751136947308e-02,-1.600118335706156650e-02,-4.578106193895678522e-02,-5.349719173996533156e-02,-3.964101761527082796e-02,-3.655538488166337752e-02,-4.343808061439992374e-02,-1.697845568646788594e-02,2.550738403226437793e-03,-1.111895718946419830e-02,-2.352977762315263538e-02,-6.231823245608207607e-02,-7.307955915710180606e-02,-7.576989176367930623e-02,-5.894247297817273301e-02,-6.223561764849673550e-02,-8.805890605125191173e-02,-1.170147290460103739e-01,-8.175368155369744372e-02,-6.043842042567726391e-02,-5.510960421234964435e-02,-4.627740079231709019e-02,-6.156935094313733398e-02,-7.789233866710690291e-02,-7.197308489029415057e-02,-8.799327058927419731e-02,-6.199831675324887770e-02,-4.549957851775996570e-02,-2.887489423828450835e-02,2.781276216911455004e-03,3.195318998348509708e-03,-2.170116974749868033e-02,-3.042529187808112184e-02,-1.010632244797964041e-02,3.247341953701669837e-02,1.186835480043514288e-02
-4.999999888241291046e-03,-2.124999952502548695e-02,-5.281249928520992398e-02,-4.820312497031409293e-02,-2.705078090730239637e-02,-5.176269422099721851e-02,-3.544067305233511433e-02,-3.860168374842489272e-03,-1.846504170255514055e-02,-1.461626020212136549e-02,-4.115406421234001771e-02,-2.778851566192952136e-02,-1.694712869196496330e-02,-9.236782061232531871e-03,1.908044288125134227e-04,-7.452298725158806696e-03,2.063692481579610521e-02,2.659230794167091738e-03,-2.683519261810790590e-02,5.791201566076249405e-03,8.947800689542286662e-03,4.473695061942040835e-02,6.868423869793638392e-02,9.032051724837478202e-02,8.839279807519478949e-02,6.888879002857099809e-02,8.584086761307689606e-02,5.878313858169310901e-02,5.394439456079898332e-02,4.729241903645171885e-02,8.835790743486022364e-03,-4.246824870493030694e-03,-9.421369871742035079e-03,-1.358576546671403165e-02,-4.155276481217177499e-03,-7.894086453171082068e-03,-2.561445531212167871e-03,-1.010566558613451224e-02,-4.061792693082012795e-02,-6.449852579967060850e-02,-6.180433480475316238e-02,-7.432960420482846720e-02,-5.546177569685750708e-02,-4.507728205039693292e-02,-1.604930009920049055e-02,7.311899968786415849e-03,-3.541616145302767943e-02,-4.268452660125969522e-02,-4.567113086800395766e-02,-5.891778212095453993e-02,-7.222944657331992202e-02,-7.805736309619319691e-02,-6.451433976821990823e-02,-6.612858382446788752e-02,-6.903214524831181864e-02,-6.225803623757214522e-02,-6.306450799768530124e-02,-3.826612649650713155e-02,-3.956653095357452743e-02,-4.989163184432395676e-02,-6.247290684349390832e-02,-8.561822514625155867e-02,-7.390455464743515834e-02,-8.597613622179364756e-02,-3.149403383193099398e-02,-1.037350840210339575e-02,1.240662256419802247e-02,5.601655585170150706e-03,8.900413728654474679e-03,1.472510315276684412e-02,2.118127539703622969e-02,9.045318765440025707e-03
-4.999999888241289311e-03,1.249999506399035454e-03,-5.218750034691765904e-02,-5.554687506810296327e-02,-1.888671865526703186e-02,3.027831955387227936e-02,5.506957929242162209e-02,5.376739486035830851e-02,3.844184815629603236e-02,4.961046114500433646e-02,3.990261467157818487e-02,2.247565338849777383e-02,-1.881086485237493111e-03,-3.047027188207969417e-02,-6.511756854793991633e-02,-3.127939180170884875e-02,-7.819847950427212188e-03,-1.195496176408938557e-02,-1.298874021750492935e-02,6.752814722106349754e-03,-1.081179604007664191e-02,7.297050766463419880e-03,-1.567573691722866369e-02,-1.569495474687992304e-02,9.678613083084973770e-03,2.555284361951563540e-02,3.560034300116950157e-02,3.762152493677599352e-02,1.978787920839976400e-02,-7.883450944368066565e-03,-2.980114682494203887e-02,-1.745151606134722616e-02,-4.178729068319375281e-03,-1.307783559239913442e-02,-4.541673395851504591e-02,-5.515332398022028404e-02,-2.500563084385000814e-02,-7.477103724902174620e-02,-8.312340579417920594e-02,-3.428695824801319958e-02,-4.036698422595708102e-02,-3.547976055931262307e-02,-4.957702355879349543e-02,-7.968090002064358301e-02,-4.872622595311316973e-02,-1.506732747227229954e-02,-2.388022506676683310e-02,7.039093364214644294e-04,7.675975769483436850e-03,-5.058100767813042409e-02,-5.264525195678550901e-02,-8.566131462832410337e-02,-3.141533029620875717e-02,3.964616682990136642e-02,-5.758846097473367676e-02,-5.939711703182276592e-02,-3.734928015202536311e-02,-6.683732201241020243e-02,-5.670933054035545706e-02,-5.417733174101918570e-02,-3.104433254409931509e-02,-7.761083136024828771e-03,-2.444027074675330508e-02,-2.861006811509671233e-02,-2.152517140532887036e-03,-8.038129117495157461e-03,-9.509532111735725934e-03,2.512261682305445484e-02,2.128065480181005886e-02,-1.217983590839200395e-02,1.955040911143290060e-03,-7.612397442744998129e-04
1.999999955296516418e-02,1.249999972060322762e-02,-1.437499967869371002e-02,-2.109374999417923391e-02,-3.027343787107383832e-02,9.931640606737346388e-03,5.498291037520175450e-02,6.624572781731785653e-02,5.156143210334107607e-02,1.539035796995591454e-02,4.634759087084638907e-02,6.908690062343803007e-02,-3.272827465787597756e-02,-4.318206788215803171e-02,-2.579551663526338107e-02,-1.394887899117778357e-02,-1.598721993405895908e-02,-4.899680490900893554e-02,-4.974920085472320230e-02,-7.493730021368080751e-02,-7.123432481127633942e-02,-1.530858125869843933e-02,-2.132714538918041580e-02,-3.936032112475758293e-02,-3.436321415885420366e-02,-3.759410051848523920e-02,-4.376139400116114270e-02,-1.398500160211450967e-02,-6.826109748542625796e-03,-2.068158274801083774e-02,-3.005319935806470555e-02,-1.800342767866422097e-02,1.321182556591438823e-02,2.306689919939142186e-02,7.132596718621875276e-02,6.584811514498357422e-03,-1.762341393011769564e-02,-1.468671628237506327e-02,1.002928881682271442e-02,3.510808766996441344e-02,-5.448331802175496869e-03,-4.090365667990993742e-02,-3.657712483120995756e-02,-5.285315698313970689e-02,-3.688917732407216710e-02,-1.328437601817042749e-02,-5.139688265892960323e-02,-8.636859583997005818e-02,-8.160308879649458280e-02,-1.304007753283674964e-01,-1.276001945026441209e-01,-1.044000502647887685e-01,-9.860001420532492344e-02,-9.715000332781381642e-02,-8.178750187503473768e-02,-8.294687733140383712e-02,-6.573671925834514984e-02,-3.893417931167209717e-02,-1.723354466027995913e-02,-6.808386109190635305e-03,5.797903305064277743e-03,-6.050524471757154008e-03,-2.151263160222702600e-02,1.712184206219034138e-02,2.928046088807661346e-02,2.320115333777862318e-03,-2.191997112930263100e-02,-3.047999315485468846e-02,-2.011999847497818877e-02,-2.503000010303228773e-02,1.124249958308644673e-02,2.281062444873677500e-02
4.999999841675162315e-02,1.024999975925311446e-01,8.312499997555278242e-02,3.328124971449142322e-02,8.320312428622855805e-03,2.080078107155713951e-03,-1.947998002617623570e-02,2.513000432290369082e-02,8.378249981412723424e-02,7.344562517704922300e-02,5.836140633151520873e-02,3.209035119172332085e-02,1.302258768617212126e-02,-2.674435240790471596e-02,-3.668608743142392353e-02,-4.167152159708566173e-02,-4.041788066004173285e-02,-3.760447001599882128e-02,-5.440111742949389761e-02,-5.360027846330379930e-02,-4.590006888939433816e-02,-2.147501793015374472e-02,-8.036875560012551878e-02,-8.039760082743339920e-02,-2.829707659726782287e-02,-1.942264530672241363e-03,-5.833461197555403488e-02,-5.951518767163242046e-02,-4.666375233005753270e-02,-4.536881031039176337e-02,-2.034346832320793955e-02,-3.312483913820411796e-02,-5.405006864945448297e-02,-3.805723397503385508e-02,-3.763304181041839114e-02,-2.248478190884620198e-02,2.447874361205689894e-02,2.121785911795178586e-02,2.162502871958645739e-02,2.609675419084288989e-02,-1.035096672238891569e-02,1.221100031657467722e-01,3.350491657685103486e-01,2.294461737344876684e-01,2.330631881381610426e-02,-4.534892428809021714e-02,-3.380212139606753041e-02,-1.454868539769271774e-02,-3.363717067887092571e-02,-3.840929199916547077e-02,-2.460232266451523736e-02,1.738494134479125208e-01,4.859623411430259443e-01,2.964905823055242751e-01,4.266226372317307725e-01,5.941556712288617037e-01,9.835389410530269716e-01,1.070884753144650148e+00,1.190221202591277283e+00,1.022555294687354843e+00,1.026888833208581930e+00,7.417222226072602842e-01,1.012930571149022851e+00,8.932326284821410223e-01,8.433081469877456993e-01,1.160827054628329913e+00,1.297706782581557361e+00,4.319266937082383850e-01,3.029816737250828340e-01,2.682454257700925826e-01,9.456135675917282102e-02,4.114033868222240209e-02
4.549999982118606567e-01,3.287500031292438507e-01,3.771875118836760521e-01,1.717968785669654608e-01,1.029492192319594324e-01,5.823730547854211181e-02,8.455932853030390106e-02,9.363983377170370659e-02,8.090996041732978483e-02,4.772749042098212158e-02,2.193187238172811249e-02,3.798296876598428184e-02,1.419957424895192943e-01,2.504989317480779132e-01,1.626247307018452992e-01,8.315618172551229870e-02,2.828904526374001124e-02,2.072261427693712632e-03,-3.948193374900690195e-02,-7.237048343725172028e-02,-8.559262354152194496e-02,-9.389815752450822450e-02,-1.009745399771735108e-01,-9.450396400239580164e-02,-1.004916677910747957e-01,-1.078927132000193773e-01,-7.322438682143056488e-02,-1.345811566964826012e-02,-4.234614541445185648e-02,-4.787278441169363907e-02,-8.071654209441204986e-03,-4.442524181528544752e-02,-9.886667639572561603e-03,-1.198887092634020810e-02,-1.015465430360033838e-02,2.183542981882643022e-02,1.316920300980347139e-02,-1.197296123477335425e-02,-9.065405520355986069e-03,-6.820991648995947468e-03,-1.703795744448007715e-02,-2.038403588898256985e-02,6.484585843068173608e-03,4.025944206654573365e-02,8.262576785817629665e-02,7.654651037637116850e-02,1.614670245145353733e-01,2.551791037940629447e-01,1.762947766935737959e-01,2.265736952164747464e-01,3.191434193337703284e-01,4.722858381441420450e-01,4.130714538735942853e-01,3.957678676407236917e-01,4.039419666121576991e-01,4.759854916530394386e-01,6.814963729132599290e-01,8.428740702805267437e-01,5.807185074373421019e-01,5.801796143423600949e-01,2.650449064913164565e-01,1.662612243876549489e-01,2.290653060969137234e-01,4.172663259281819692e-01,6.593165588322804638e-01,9.373291182503978858e-01,9.968322974439929318e-01,1.074208092242391555e+00,1.236052054055013283e+00,1.469013039739797133e+00,1.199753270663785454e+00,8.586883100663541546e-01
1.010000005364418030e+00,1.395000014454126358e+00,1.186250039376318455e+00,1.591562571236863954e+00,9.603906502597965300e-01,4.575976609630743042e-01,1.643994159858266357e-01,1.085998548160205246e-01,8.214996340598190727e-02,9.803749144754192457e-02,1.270093756931061080e-01,1.242523451153694225e-01,1.385630880669816989e-01,1.071407694649215703e-01,8.428519247798910152e-02,1.485712994606017689e-01,1.396428258337259198e-01,5.241070653293727899e-02,-3.439732370204180711e-02,-5.859933167056850800e-02,-9.464983299214793644e-02,-1.186624570559440955e-01,-9.966561456200924429e-02,-2.387032221767417320e-02,-2.588805816479304318e-03,2.100537412814602878e-02,4.867557918889399426e-02,5.546190896596281394e-02,9.636649193606219854e-02,7.216656320353707910e-02,6.753094336157133837e-02,9.169200023205352490e-02,1.185426692421020917e-01,1.163315823985830444e-01,1.939865251708451643e-01,3.751601850074635092e-01,3.299556666384663717e-01,1.580763532164327079e-01,2.709847591674903466e-02,1.455902842769170660e-02,-4.138210037732088786e-02,1.721941518129417592e-02,4.299544595763463151e-02,4.717044664138001636e-03,9.506220560091571681e-02,2.057321169496025837e-01,3.021519953638426292e-01,4.846310062862960732e-01,7.611577372664593000e-01,1.132789429548243243e+00,8.956973693079898213e-01,6.339243387507187411e-01,5.759810888600047640e-01,4.564952722150011910e-01,3.516238113482277883e-01,1.804059535634885414e-01,5.260148822323407192e-02,1.065037257734916150e-02,7.016259396390114866e-02,1.050406493291655974e-01,8.626016192250945958e-02,1.115650403316157391e-01,1.039126187104327803e-02,1.800978101033428036e-01,3.575244376246745071e-01,4.318811105982615084e-01,7.554702859942156179e-01,6.513675774590184098e-01,6.528418890003365727e-01,7.357104627133409513e-01,8.389276019692669673e-01,8.822318887203993709e-01
