nan,nan,nan,nan,nan,nan,nan,nan,nan,nan,nan,nan,nan,nan,nan,nan,nan,nan,nan,nan,nan,nan,nan,nan,nan,nan,nan,nan,nan,nan,nan,nan,nan,nan,nan,nan,nan,nan,nan,nan,nan,nan,nan,nan,nan,nan,nan,nan,nan,nan,nan,nan,nan,nan,nan,nan,nan,nan,nan,nan,nan,nan,nan,nan,nan,nan,nan,nan,nan,nan,nan,nan
nan,nan,nan,nan,nan,nan,nan,nan,nan,nan,nan,nan,nan,nan,nan,nan,nan,nan,nan,nan,nan,nan,nan,nan,nan,nan,nan,nan,nan,nan,nan,nan,nan,nan,nan,nan,nan,nan,nan,nan,nan,nan,nan,nan,nan,nan,nan,nan,nan,nan,nan,nan,nan,nan,nan,nan,nan,nan,nan,nan,nan,nan,nan,nan,nan,nan,nan,nan,nan,nan,nan,nan
nan,nan,nan,nan,nan,nan,nan,nan,nan,nan,nan,nan,nan,nan,nan,nan,nan,nan,nan,nan,nan,nan,nan,nan,nan,nan,nan,nan,nan,nan,nan,nan,nan,nan,nan,nan,nan,nan,nan,nan,nan,nan,nan,nan,nan,nan,nan,nan,nan,nan,nan,nan,nan,nan,nan,nan,nan,nan,nan,nan,nan,nan,nan,nan,nan,nan,nan,nan,nan,nan,nan,nan
nan,nan,nan,nan,nan,nan,nan,nan,nan,nan,nan,nan,nan,nan,nan,nan,nan,nan,nan,nan,nan,nan,nan,nan,nan,nan,nan,nan,nan,nan,nan,nan,nan,nan,nan,nan,nan,nan,nan,nan,nan,nan,nan,nan,nan,nan,nan,nan,nan,nan,nan,nan,nan,nan,nan,nan,nan,nan,nan,nan,nan,nan,nan,nan,nan,nan,nan,nan,nan,nan,nan,nan
nan,nan,nan,nan,nan,nan,nan,nan,nan,nan,nan,nan,nan,nan,nan,nan,nan,nan,nan,nan,nan,nan,nan,nan,nan,nan,nan,nan,nan,nan,nan,nan,nan,nan,nan,nan,nan,nan,nan,nan,nan,nan,nan,nan,nan,nan,nan,nan,nan,nan,nan,nan,nan,nan,nan,nan,nan,nan,nan,nan,nan,nan,nan,nan,nan,nan,nan,nan,nan,nan,nan,nan
nan,nan,nan,nan,nan,nan,nan,nan,nan,nan,nan,nan,nan,nan,nan,nan,nan,nan,nan,nan,nan,nan,nan,nan,nan,nan,nan,nan,nan,nan,nan,nan,nan,nan,nan,nan,nan,nan,nan,nan,nan,nan,nan,nan,nan,nan,nan,nan,nan,nan,nan,nan,nan,nan,nan,nan,nan,nan,nan,nan,nan,nan,nan,nan,nan,nan,nan,nan,nan,nan,nan,nan
nan,nan,nan,nan,nan,nan,nan,nan,nan,nan,nan,nan,nan,nan,nan,nan,nan,nan,nan,nan,nan,nan,nan,nan,nan,nan,nan,nan,nan,nan,nan,nan,nan,nan,nan,nan,nan,nan,nan,nan,nan,nan,nan,nan,nan,nan,nan,nan,nan,nan,nan,nan,nan,nan,nan,nan,nan,nan,nan,nan,nan,nan,nan,nan,nan,nan,nan,nan,nan,nan,nan,nan
nan,nan,nan,nan,nan,nan,nan,nan,nan,nan,nan,nan,nan,nan,nan,nan,nan,nan,nan,nan,nan,nan,nan,nan,nan,nan,nan,nan,nan,nan,nan,nan,nan,nan,nan,nan,nan,nan,nan,nan,nan,nan,nan,nan,nan,nan,nan,nan,nan,nan,nan,nan,nan,nan,nan,nan,nan,nan,nan,nan,nan,nan,nan,nan,nan,nan,nan,nan,nan,nan,nan,nan
1.804632730782032013e-01,1.886643441393971443e-01,2.045586437452584505e-01,2.245523341116495430e-01,2.304254511400358751e-01,2.065805914353404660e-01,1.865760081100233947e-01,2.184490224492492416e-01,2.180541110727176601e-01,2.024402420394864066e-01,2.066446903018466230e-01,1.712169960803864299e-01,1.849442016499012464e-01,2.205927717540853150e-01,2.447074738108663272e-01,2.808814368387945182e-01,2.989295204912842951e-01,2.970826794811889937e-01,2.683273074554603510e-01,2.616686514895956162e-01,2.072117028604398281e-01,2.379599883648367831e-01,2.364766839765660988e-01,2.193236448770551350e-01,2.071474889518268303e-01,2.155145990252854138e-01,2.380209413021892595e-01,2.416404149644099664e-01,2.234806930450728424e-01,2.347985038019252957e-01,2.388903865927714532e-01,2.478916438846354153e-01,2.561875343925894555e-01,2.613695055397138312e-01,2.737559922077205110e-01,2.493019314492232186e-01,2.636007644704104758e-01,2.541304560495197817e-01,2.206213146943047654e-01,1.881938010577905995e-01,2.161806084246573056e-01,2.017113605521901887e-01,2.061752276962693919e-01,1.962414172129257617e-01,3.666668704856540506e-01,5.619337377873337980e-01,3.318581647656181355e-01,2.628338279073889061e-01,2.507084519104524345e-01,2.601771108914505692e-01,3.150442777228626423e-01,2.962610780733891391e-01,2.790652751807885523e-01,2.697663180501390645e-01,2.199415756382328557e-01,1.599853906313027374e-01,1.799963445285818475e-01,2.199990831519132439e-01,2.349997704899550732e-01,2.337499433675468419e-01,2.134374870339796060e-01,2.633593726525645939e-01,1.958398421200598649e-01,2.164599647023401352e-01,2.391149972850611372e-01,2.072787502153349559e-01,1.993196847226131052e-01,2.098299176043745828e-01,2.024574779109775124e-01,1.806143684346631084e-01,1.951535943438399423e-01,1.939042183456269053e-01
1.894814558327198029e-01,1.673335479572415352e-01,1.943870831746608296e-01,2.126772713963873684e-01,2.130779999570222571e-01,2.162194681186520029e-01,2.169829416279753509e-01,2.171637144685973353e-01,2.354840344935951180e-01,2.410051749833002077e-01,2.159564104350302216e-01,2.532008416124158501e-01,2.577796647118522078e-01,2.370061668050039150e-01,2.600862295004662816e-01,2.376409113549425300e-01,2.079473532771873578e-01,1.804388431841086882e-01,1.533441870941209539e-01,1.855991899851333893e-01,1.925581872434261321e-01,1.731307998292357375e-01,1.861236851660586777e-01,1.938849317840778685e-01,2.004425656748822226e-01,2.008067476737750434e-01,1.933341351148548937e-01,2.124496481566892081e-01,2.062730921245929105e-01,2.142006080085366304e-01,2.117084468586824531e-01,2.204059562381004977e-01,2.631614556237035774e-01,2.754758906941606189e-01,2.748688611532497661e-01,2.760030218249869272e-01,2.611610079379457217e-01,2.237160003327225144e-01,2.040954889392578298e-01,2.017103523397377196e-01,2.417278088724595930e-01,2.314575227001304802e-01,2.134597354108838663e-01,2.335383607192523248e-01,3.208446058939816159e-01,2.689850256669253370e-01,2.477481831070713625e-01,2.498533544182015564e-01,2.724633469492007132e-01,2.881158429957878520e-01,2.970289622390630546e-01,3.442572438380212541e-01,3.785643151318304200e-01,3.521410790809808011e-01,3.080352685781522770e-01,2.770088238500605926e-01,2.242522071546080298e-01,3.110630470202804254e-01,4.477657516222804945e-01,3.319414329881869019e-01,2.429853546707680390e-01,1.857463386676920236e-01,1.814365900313410218e-01,1.878591494449861898e-01,1.944647845300259137e-01,1.736161961325064784e-01,1.684040490331266127e-01,1.771010176226996691e-01,1.742752570878839113e-01,1.735688132288897012e-01,1.958922031582108203e-01,2.013434114694772070e-01
1.673403345048427582e-01,1.704305736348032951e-01,1.634218550752848387e-01,1.711882801610045135e-01,1.838033982057822868e-01,2.255099387948575895e-01,2.545162953929320793e-01,2.118134850759361421e-01,1.574451564376317947e-01,1.827850810841908924e-01,1.919582230884877561e-01,2.231667462249360412e-01,1.802658320282837234e-01,1.685891717874740681e-01,1.751547969928318182e-01,1.843873577205075165e-01,1.704642925880286430e-01,1.598074809765302473e-01,1.549070012086501413e-01,1.671623881040481541e-01,1.755976415022827142e-01,1.864278511788600989e-01,1.894092087096510835e-01,2.004662149684264816e-01,2.058592139069396754e-01,2.163151204184729781e-01,2.207922600109387679e-01,2.227528011401248564e-01,2.057547064026135353e-01,2.113299988557879594e-01,2.207161007535950459e-01,2.167910553071026036e-01,2.370986694359065172e-01,2.504448159104407101e-01,2.460131611318841505e-01,2.369359164409700902e-01,2.100218467159286895e-01,1.885637661378387619e-01,1.953794477025867504e-01,1.826260417113751422e-01,1.835359752031676672e-01,1.813490867578117227e-01,1.634548760941408052e-01,1.470751093698238754e-01,1.631821301299506422e-01,2.001725784619195758e-01,2.541712907870496974e-01,2.967142447312644538e-01,2.466785605867696796e-01,2.841696440209943719e-01,3.160424083230395920e-01,3.465106002926205409e-01,4.191276459008300148e-01,3.222819126673003853e-01,2.630704792099063938e-01,2.357676215906159833e-01,2.264419058446888178e-01,2.091104800374509187e-01,1.522776233621239983e-01,1.280694056915193946e-01,1.445173484426476029e-01,1.336293335343832211e-01,1.409073314464448501e-01,1.577268352457970035e-01,1.544317108976118180e-01,1.611079263832984609e-01,1.702769842780336162e-01,1.750692500928219264e-01,1.687673125232054816e-01,1.546918251505691178e-01,1.461729543504913242e-01,1.633783231079031784e-01
1.856024563312530518e-01,2.269254103302955350e-01,1.798621360212564468e-01,1.634802096523344517e-01,1.752266591647639593e-01,1.945204997027757954e-01,2.103697723141522147e-01,2.142296449837886307e-01,1.770319495722105785e-01,1.776937601249528598e-01,1.315965871582704949e-01,1.396077404561211210e-01,1.637847865656656410e-01,1.506349070627401865e-01,1.589998062391805300e-01,1.785742207353246402e-01,1.695848781363401003e-01,1.454188377533414123e-01,1.310838088610286056e-01,1.431917119825510953e-01,1.810877327820814842e-01,1.969255880688914884e-01,1.587262656831564811e-01,1.602150402104810523e-01,1.675673624286044550e-01,1.659191747608033118e-01,1.752232400104961341e-01,1.864793769400705792e-01,1.920759348045137926e-01,1.922814167531914364e-01,1.948371248193727645e-01,2.301332284199234524e-01,2.531841007169841617e-01,2.604697062893897019e-01,2.425280291419275036e-01,2.393344436730208136e-01,2.291146279535011265e-01,2.105297163417269024e-01,2.045329701227528441e-01,1.828383441101159301e-01,1.656601077648660880e-01,1.772156009160643086e-01,1.987767467668445365e-01,1.969714450282551710e-01,2.066318315129155314e-01,2.081758286024300852e-01,2.169457017249159236e-01,2.502853631691707159e-01,2.900713473488035765e-01,2.350178383273170413e-01,2.987544616679918552e-01,3.896886055822315620e-01,3.899221481173024140e-01,3.199805446289177846e-01,2.712451400315313843e-01,2.653112903723008897e-01,2.588278252752842512e-01,3.047069546796933315e-01,1.861767380738768851e-01,1.565441820597776312e-01,1.366360456639560406e-01,1.416590132041283534e-01,1.254147512893753202e-01,1.088536884183902709e-01,1.222134209125046722e-01,1.455533535889984298e-01,1.563883394403308980e-01,1.840970881383381941e-01,1.810242773990025644e-01,1.802560747141686570e-01,1.725640237449369563e-01,1.645416229992797408e-01
1.344574503600597382e-01,1.559820575639605522e-01,1.286564234178513288e-01,1.173905336181633174e-01,1.275099026242969558e-01,1.264726620684086811e-01,1.411524552049741033e-01,1.470429391399648011e-01,1.261304378692216233e-01,1.375608459160702068e-01,1.618313979368899425e-01,1.419470190073424121e-01,1.391238838202102368e-01,1.487330805452253546e-01,1.337717401780582072e-01,1.376615819284791042e-01,1.256869132804243339e-01,1.165699883174739493e-01,1.478276010322531753e-01,1.639111391198625478e-01,1.656380196782944181e-01,1.671882656805961653e-01,1.543457008300535283e-01,1.520612226649699639e-01,1.799353469591483123e-01,1.906967823500718695e-01,1.862553523181698090e-01,1.986025352328723015e-01,1.935485732816086546e-01,1.851026150649395241e-01,2.028467290864787165e-01,2.033720186170538680e-01,2.207761970861902012e-01,2.374906233873007311e-01,2.483323139927297307e-01,2.362299393361188549e-01,2.469754884825492436e-01,2.122554759230798616e-01,1.739287073425100916e-01,1.455120480311822562e-01,1.212386348906385747e-01,1.270142535135951600e-01,1.544063659947566003e-01,1.766513169418139073e-01,1.768830724212120675e-01,1.597367154472219553e-01,1.740023401109662693e-01,1.617570496283046166e-01,1.754392677714941562e-01,1.888598202211289878e-01,2.059499360259033629e-01,2.214574450536483941e-01,2.478643564950404887e-01,1.919660880806788317e-01,1.629915241063322751e-01,1.607478839323094877e-01,1.751869726222051171e-01,2.387967509041550862e-01,1.859491921218813237e-01,1.589872987755283906e-01,1.547468230547543733e-01,1.411867048696189286e-01,1.277966736842073292e-01,1.119491684955576383e-01,1.104872916768545738e-01,1.451218188959001176e-01,1.762804515947311856e-01,1.790701108125202223e-01,2.122675244248745929e-01,1.680668831923812223e-01,1.570167191589675881e-01,1.428685426777800416e-01
1.669612526893615723e-01,1.136234439909458160e-01,9.246170241385698318e-02,1.161015157122164965e-01,1.102790304576046765e-01,1.093051748612197116e-01,1.155034643197723199e-01,9.461440994800796034e-02,9.206762935832557559e-02,1.256650500648106572e-01,1.701985849229714631e-01,1.631378519854997933e-01,1.312329244693630770e-01,1.201246994753806252e-01,1.135570206498138224e-01,1.038976801746843148e-01,8.451064038559193137e-02,1.260010677285104963e-01,1.468427722083307796e-01,1.304701813664728705e-01,1.512191282860113617e-01,1.921623457757550835e-01,1.870557879231353193e-01,1.904540711348747251e-01,1.443704827056699613e-01,1.188700574990703002e-01,1.435330864875662693e-01,1.742958068124738358e-01,1.839286781666747694e-01,1.573408605485675793e-01,1.680226676620423243e-01,2.559041021505341074e-01,3.146321087638374592e-01,2.445689193795084204e-01,2.721005095141619257e-01,3.004339266095928940e-01,2.464722973176432796e-01,1.390725481527197716e-01,1.203898143772569318e-01,1.163746441901794826e-01,1.366825296357540298e-01,1.379724267590857478e-01,1.371059243497455282e-01,1.343791105999848357e-01,1.643169986370777436e-01,1.892256666512185381e-01,2.062527184508962663e-01,2.148616411989610064e-01,2.137154067234615651e-01,1.784288516808653913e-01,1.771072169435298493e-01,1.767768045339056793e-01,1.716941987492906219e-01,1.629235470051136336e-01,2.107308848141274393e-01,2.214327167331835156e-01,2.078581753089939754e-01,1.819645427841672103e-01,1.117411358450534076e-01,1.179352875375420384e-01,1.344838241940654877e-01,1.211209545584002595e-01,1.227802398316929638e-01,1.331950627891438643e-01,1.157987652502511372e-01,1.189496911635511828e-01,1.122374232751755380e-01,7.805935656385194765e-02,1.070148413761371625e-01,1.317537126537142722e-01,1.229384261517718069e-01,1.324749183691788512e-01
5.893825460225343704e-02,8.151260693557560444e-02,8.813261223258450627e-02,7.477022144303191453e-02,7.534673669215408154e-02,7.033769751160434680e-02,8.034942104063702573e-02,8.503056082537341354e-02,8.773154706609886944e-02,9.454645201775591090e-02,9.873440299236069251e-02,1.112820156758111967e-01,1.012028238014648918e-01,9.177847034822578243e-02,1.015594075796273227e-01,9.911205608837969638e-02,9.508359057007523263e-02,1.070714695312040277e-01,1.133860337996844825e-01,1.204126641965002908e-01,1.190421696954988284e-01,1.239856622232502481e-01,1.242133190635220652e-01,1.487860893309955190e-01,1.837049031034321822e-01,1.479987105671368708e-01,1.526115586594691542e-01,1.630350699085978405e-01,1.636700642620272372e-01,1.596732775994824105e-01,1.692264499919783893e-01,2.003750384513828253e-01,1.848576672540181154e-01,1.827502550598500419e-01,1.748541445015996398e-01,1.467080749690316543e-01,1.058460706874674168e-01,1.180479864131645795e-01,8.124211902050268441e-02,7.424784010804716394e-02,1.036342874322261076e-01,1.131640329995236144e-01,1.199224952617903850e-01,1.294870243410175259e-01,1.779884141171948486e-01,2.301078970602397078e-01,2.266847102684587945e-01,2.263516053270004380e-01,1.940879043119823621e-01,1.110219779406407398e-01,1.002554961242879128e-01,1.525638753721764718e-01,1.906409649687422214e-01,1.926602407951507057e-01,2.031650613908805858e-01,2.032912651987085484e-01,1.745728174917700326e-01,1.586432064591050684e-01,1.621608039989620442e-01,1.580402007017172872e-01,1.170100507714757765e-01,1.067525104949476611e-01,1.029381275492311093e-01,1.607345298011452206e-01,1.326836299170889022e-01,1.031709068459728817e-01,8.079272641346998962e-02,8.519818201314943718e-02,6.129954460921768766e-02,4.282488553763152267e-02,3.820622123539627046e-02,4.928611933194145672e-02
2.999999932944774628e-02,2.749999938532710075e-02,4.437499947380274534e-02,6.359375009196810424e-02,5.839843750436557457e-02,3.959960881729784887e-02,4.739990183179543237e-02,5.684997538344305212e-02,4.671249358509044214e-02,5.917812466287131201e-02,8.479453332638620111e-02,9.369863497072428160e-02,8.842466008378557785e-02,7.460616431314123775e-02,6.365154100377951041e-02,7.841288525094487760e-02,7.710322328714007412e-02,6.677580708838372348e-02,8.419395445430494229e-02,1.010484905507271908e-01,1.127621230102108241e-01,7.819053056628819109e-02,6.954763152398495130e-02,8.690902980217792007e-02,1.272436315617199998e-01,1.516147053440718429e-01,1.321380497564948742e-01,1.510824874428430553e-01,1.506486427135149408e-01,1.508015218214909248e-01,1.449401371885518097e-01,1.318663226616675621e-01,1.131115634504033934e-01,1.204733383969235905e-01,1.142646293420535447e-01,1.197221240793402558e-01,8.528940097477871740e-02,1.004526757100891038e-01,1.266433185065704292e-01,9.780532955440177090e-02,1.001009179634657908e-01,9.497197397010542774e-02,7.797799179319793439e-02,1.204452903801308400e-01,1.359227434231367326e-01,1.339776773113391384e-01,1.303289131288325187e-01,1.202790785820433417e-01,1.275697697945224474e-01,1.068924417035725660e-01,9.672310886127122309e-02,1.141807752036610446e-01,1.385451932048688273e-01,1.846363005363913790e-01,1.861590757301442856e-01,1.565397664738444883e-01,1.241349406498856445e-01,1.060337362800584937e-01,1.015084351876017199e-01,1.078771083498655942e-01,1.157192753365799548e-01,9.892982099481335834e-02,1.047324571858542913e-01,1.161831141474519574e-01,1.015457764507004257e-01,8.788644178436866294e-02,1.447161061373022917e-02,-1.382097234808733754e-03,1.215447587756233148e-02,4.803861889488477560e-02,7.200965338261669513e-02,6.550241228394643178e-02
-1.249999972060322762e-02,-3.124999930150806904e-03,1.671874962630681694e-02,2.917968684778315946e-02,2.979492120903159957e-02,1.994873002286112751e-02,2.248718211455980054e-02,1.562179530512253223e-02,1.890544849100450620e-02,3.222636197373951461e-02,6.055659071695229656e-02,6.763914790275549205e-02,7.690978749722951480e-02,9.672744747035383339e-02,9.918186112253041253e-02,7.979546405128680464e-02,6.494886500699331711e-02,5.873721576746059048e-02,5.718430438889998690e-02,7.429607661876563851e-02,8.607401997425527529e-02,7.151850480729930737e-02,5.787962530775515174e-02,5.930825100522152393e-02,9.418738950337199323e-02,1.063448664273948102e-01,9.830313801085280301e-02,1.215713542682809734e-01,1.482502221311848278e-01,1.062610558978150516e-01,9.676682110407526516e-02,9.487566142225904720e-02,9.018183633423011714e-02,9.674764458024542879e-02,9.743733153662095803e-02,9.550029088040443148e-02,8.925382060055994660e-02,1.122434493458396576e-01,1.536258622148664044e-01,2.002432908649005305e-01,2.896560869126210136e-01,1.697863915688964109e-01,1.178794386269443328e-01,1.174204879075734093e-01,9.208169413284580940e-02,8.899195078183244623e-02,1.029929918129469796e-01,9.874854862886731088e-02,8.468713581611231334e-02,8.367178395402807833e-02,1.084179482236811987e-01,1.446044867578970827e-01,1.186511193797942787e-01,8.966278036648921146e-02,9.491569673075003766e-02,9.122892686489653125e-02,8.280723316908734921e-02,7.320180851578925174e-02,8.580045481115633477e-02,8.145011515565230009e-02,7.036252767132597508e-02,1.000906314707966649e-01,1.275226588362746438e-01,8.438066493258608580e-02,6.859516656842265525e-02,3.214879223815211157e-02,-4.462801661065200591e-03,3.138429932396337441e-02,5.034607481236438864e-02,3.758651814429755239e-02,2.939662908903955402e-02,4.224157342109081600e-03
4.999999888241291046e-03,1.124999974854290485e-02,1.781249960185959935e-02,2.445312445343006402e-02,2.611328066632268019e-02,1.152832005482196109e-02,2.288207956667065446e-02,4.072051910935670094e-02,5.518012877151079465e-02,6.129503159683125091e-02,6.782375812272523063e-02,7.195593923265808378e-02,8.548898376508323738e-02,9.387224571775340531e-02,5.346806169020867222e-02,1.086701547843152080e-02,3.271675319905562040e-02,5.317918729393551758e-02,6.093469764195101612e-02,6.551347705325041848e-02,6.887836948683001559e-02,7.471959434611136208e-02,6.117989903356267634e-02,6.807477781093526636e-02,8.414230125376684355e-02,1.023196494262146594e-01,9.598692297142565055e-02,1.057997256870116254e-01,7.136381008612725785e-02,7.156390035745405220e-02,8.999246007352298959e-02,1.111444971118103198e-01,8.409233555579509467e-02,8.318966854459128313e-02,8.401603681059202633e-02,8.516982677631457221e-02,8.270149611694832537e-02,8.245057037289743596e-02,8.744880413218290849e-02,7.555037887196727753e-02,6.957028098727510712e-02,5.823811804956507271e-02,5.312459336148279976e-02,8.161997277643923132e-02,9.023976382888020120e-02,9.646924971857831488e-02,9.261136039922428231e-02,8.249970409976888075e-02,7.562492572691899284e-02,8.390623091018910296e-02,9.847655832359372696e-02,9.461913894759908794e-02,6.865478373107138099e-02,5.966369544848010298e-02,5.866592497970711528e-02,6.466648292130741660e-02,6.866662095384427900e-02,7.966665477279978591e-02,4.741666354418833107e-02,5.185416592329998575e-02,5.046354064263467581e-02,4.511588489988834633e-02,4.377897142986305473e-02,2.844474386329414600e-02,6.461118794022739642e-02,6.115279691055104661e-02,6.028819822180937760e-02,4.257204940644072899e-02,4.564301250062179072e-02,-1.089247061109067244e-03,-2.277231219368565027e-02,5.569218118802012410e-04
4.999999981373548508e-02,6.000000122003257275e-02,7.000000186963006854e-02,4.749999979685526341e-02,3.937499933454091661e-02,3.734374968462361721e-02,4.433593757016751624e-02,4.608398361023091638e-02,5.902099530651128134e-02,7.475524934816846212e-02,9.368881345462920507e-02,9.842220448124439081e-02,1.046055511948169037e-01,1.111513868301287622e-01,1.027878478251192801e-01,8.569696247782046528e-02,5.642423983714415364e-02,5.410605906521636504e-02,4.852651398399313032e-02,7.713162797445763386e-02,9.178290723575827093e-02,4.544572677168666475e-02,6.386143191643908756e-02,8.009795900183011574e-02,1.039325838436610805e-01,1.089489893404128051e-01,1.156922910682231659e-01,9.960731576064901782e-02,8.285124900484999722e-02,7.499279715752829589e-02,7.098120702588614495e-02,5.384985606691255339e-02,5.928436542754624006e-02,7.462514719666354934e-02,7.704887857362954784e-02,6.592331254314712230e-02,5.305235782968831942e-02,6.572813714471417712e-02,8.201492248705763433e-02,6.685880116803383233e-02,7.246632760311895460e-02,6.879419246203137550e-02,7.260544637562442449e-02,8.182554515630406644e-02,9.149905250080030139e-02,9.195802070351341562e-02,6.178435051851446230e-02,4.525472904099269583e-02,5.631368218574236972e-02,6.907841931708978700e-02,6.226960382344406270e-02,6.306740035981456272e-02,6.076685001544783471e-02,4.269171188918906290e-02,3.067292752526242644e-02,2.766823143428077253e-02,3.941705759779987051e-02,4.235426460434093404e-02,3.558856559229169048e-02,5.139714184510775496e-02,6.784928702589886063e-02,4.696232108592246490e-02,3.924057965680771698e-02,3.981014424364967552e-02,3.995253539036015822e-02,2.498813351231390922e-02,4.624703248400879874e-02,4.906175774847316984e-02,6.226543925085377407e-02,5.056635903040247737e-02,4.014158960858900393e-02,5.753539750459273072e-02
8.249999955296516418e-02,9.062500204890966415e-02,1.001562511082738638e-01,1.175390639691613615e-01,1.243847685254877433e-01,9.109619079026742838e-02,9.527404561140428996e-02,1.163185088696536695e-01,1.140796262488379398e-01,1.235199053701165894e-01,1.308799759700001175e-01,1.302199941415116413e-01,1.400550003235172536e-01,1.400137468026238508e-01,1.550034340184469617e-01,1.437508570890014270e-01,1.059377145702735806e-01,9.898442655640582455e-02,1.197461035843634114e-01,1.074365246294921583e-01,9.185913063583239779e-02,1.179647814668652039e-01,1.294911949941872642e-01,1.528542078810274374e-01,2.022150354404583239e-01,1.836360332076583113e-01,1.888679697291263393e-01,1.757134213839026404e-01,1.301333870687597094e-01,1.105216528276233151e-01,1.072595606321997547e-01,1.009941911964343658e-01,1.069982552595120373e-01,1.092875501530165966e-01,9.850506797474611886e-02,8.920250352482494982e-02,9.296311317945643582e-02,7.622271559900324622e-02,8.453275209234724363e-02,9.667229266357067752e-02,1.062455800955286606e-01,1.074541739569304238e-01,9.578795468921953715e-02,6.520180990575624724e-02,5.377804168879705971e-02,6.242830040261079794e-02,7.640997440170479993e-02,6.891904708134938273e-02,4.972976197522831210e-02,4.993244105260061932e-02,7.998311294535917493e-02,6.999577991272043498e-02,3.999894494092720576e-02,5.499973616072599547e-02,7.624993404018150234e-02,8.156248537269052135e-02,6.039062138042552985e-02,3.259765495395090112e-02,4.314941295617676087e-02,7.578735271750354496e-02,8.644683899893974843e-02,7.661170945171170976e-02,8.165292736292792397e-02,8.791323452294100282e-02,8.197831008359846017e-02,6.299457703661187624e-02,6.824864448267038697e-02,9.956216067363277133e-02,1.073905397213733570e-01,9.184763440880269747e-02,6.296190770813100968e-02,7.636547592120437877e-02
1.825000010430812836e-01,1.706250002607703209e-01,1.776562554296106100e-01,1.694140675826929510e-01,1.498535186838125810e-01,1.574633844393247273e-01,1.668658511762259877e-01,1.542164672644048551e-01,1.410541196473218406e-01,1.377635290177607885e-01,1.694408801682776300e-01,1.598602197440461836e-01,1.624650573201973369e-01,1.731162646280725581e-01,1.607790695842852280e-01,1.576947670980480831e-01,1.369236881982333343e-01,1.267309195163609237e-01,1.166827289105147603e-01,1.241706810355358015e-01,1.435426710039420239e-01,1.683856680490087299e-01,1.970964144790547934e-01,2.393404486557935140e-01,2.478690840994590139e-01,2.066725852140604003e-01,1.827221826227709289e-01,1.574872698762070367e-01,1.605387396210941620e-01,1.384690047948189950e-01,1.453369021825151597e-01,1.377573289079506436e-01,1.179074229698141296e-01,1.135291353340139031e-01,1.328377064435479482e-01,1.330024193070530325e-01,9.811826150472460761e-02,9.886819521798564936e-02,1.364843967065559605e-01,1.591258563723501329e-01,1.473324185392840824e-01,1.187957142984266967e-01,9.217345690219094778e-02,9.847102680675309805e-02,1.173632098209662356e-01,1.184098503979991723e-01,1.048077123113709402e-01,9.726176228990747463e-02,8.431544202534008159e-02,7.857885968677115474e-02,1.021447144746579633e-01,1.105361776500890236e-01,9.763404284790033749e-02,5.940850992966412170e-02,7.235212666285216476e-02,9.558803226175949241e-02,8.889700940654438055e-02,8.722425183009545335e-02,8.930606377708773247e-02,7.982651698735321322e-02,9.245663088596603463e-02,1.006141583175379633e-01,1.026535401754309351e-01,1.231633814675790473e-01,1.257908423121567310e-01,1.339477096839695180e-01,1.509869271229691556e-01,1.402467308866726103e-01,1.575616851058539436e-01,1.743904191903009049e-01,1.760976013703081655e-01,1.946493973250918996e-01
2.025000005960464478e-01,2.181249968707561493e-01,2.345312489196658134e-01,2.261328126769512892e-01,2.140332057024352530e-01,1.910083006805507466e-01,2.002520712958357763e-01,2.150630169298892724e-01,2.662657527423561987e-01,2.815664343112871393e-01,2.678916102169495161e-01,2.244729050874348097e-01,2.011182258248238597e-01,2.177795531779505023e-01,1.969448865063482823e-01,1.842362195404245173e-01,1.735590525009203522e-01,1.758897634232532980e-01,1.614724442830803852e-01,1.828681130079210515e-01,2.007170294440731861e-01,1.951792531886931692e-01,2.562948091248481441e-01,2.960685547048799160e-01,2.915534018440780750e-01,2.482874005775585202e-01,1.947496548230681357e-01,1.819916743769058043e-01,2.303914670828433875e-01,2.280469932825230639e-01,1.958278628356969198e-01,1.854811624230870704e-01,1.695691015705945437e-01,1.587442784603804724e-01,1.561652168407134944e-01,1.901591245028896315e-01,1.709010929786543842e-01,1.550169334044898817e-01,1.521727714744916804e-01,1.594919183305827659e-01,1.639518829298995117e-01,1.607406050491576865e-01,1.467127479744018415e-01,1.524309249627605334e-01,1.595530219849947973e-01,1.352521108581871689e-01,1.157859359431825802e-01,1.494311303955456194e-01,1.498577833439444507e-01,1.549644455379629027e-01,1.312411088512933366e-01,1.078102764677652814e-01,1.044525697129877750e-01,1.336131442163862870e-01,1.259032835208991619e-01,1.289758210292364093e-01,1.322439558161026540e-01,9.306098761292115606e-02,1.157652443700328965e-01,1.239413080377701759e-01,1.159853260408670733e-01,1.114963310631819360e-01,1.353740808286445219e-01,1.663435205051843613e-01,1.915858786361799848e-01,2.078964698080565943e-01,1.994741183460838063e-01,1.923685277983815944e-01,1.930921315025605489e-01,2.057730354088375679e-01,2.264432595972674656e-01,2.272358123661194773e-01
2.325000017881393433e-01,2.431250028312206268e-01,2.557812584564089775e-01,2.089453178923577070e-01,2.247363288770429790e-01,2.386840832623420283e-01,2.496710258819803407e-01,2.774177600467737648e-01,2.668544379255308741e-01,2.567136145477775244e-01,2.341784016997934259e-01,2.385445964016348341e-01,2.271361458221532459e-01,1.967840370515847592e-01,1.891960135842329360e-01,1.997990032470466359e-01,2.124497485765874938e-01,2.256124402733907797e-01,2.139031126015451256e-01,1.659757788954443480e-01,1.714939474060701019e-01,2.453734911728542856e-01,2.463433677268187516e-01,2.949840186613837956e-01,2.614288493637750843e-01,1.909922178746389920e-01,1.935753180623334679e-01,2.270927678555320073e-01,2.262211355321126771e-01,1.835020125595857032e-01,1.758267343215179634e-01,2.210492059631156969e-01,2.504371855418634496e-01,2.453437336723196527e-01,2.783725755522695744e-01,2.745288435893765699e-01,2.265109860469279590e-01,2.505295237791880236e-01,2.823737551990236905e-01,2.714332749501637276e-01,2.304983650658471439e-01,2.203142398350920184e-01,1.911696674613526936e-01,1.371555410869015335e-01,1.576151682199809223e-01,1.808275129214369503e-01,1.932640335414668731e-01,1.694663120173876547e-01,1.773665796434746311e-01,1.518416466990080149e-01,1.429604139844319888e-01,1.282401009629106081e-01,1.295600216644489655e-01,1.348900045220425836e-01,1.412225029186499892e-01,1.328056221533838177e-01,1.182014027071253276e-01,9.205035067678132843e-02,9.551258930832307037e-02,1.163781485191736631e-01,1.415945416001417878e-01,1.478986398703838190e-01,1.444746617557353119e-01,1.436186635017828728e-01,1.559046669185270018e-01,1.589761677727130340e-01,1.897440441783524445e-01,1.924360143228435738e-01,1.806090076040244019e-01,1.951522504108899880e-01,2.462880605165599368e-01,2.546970209405928776e-01
2.600000016391277313e-01,2.224999954923987389e-01,2.131249939557164907e-01,2.207812452106736600e-01,2.426953113026684150e-01,2.481738278256671038e-01,2.470434556153122685e-01,2.417608598805145448e-01,2.379402133310009049e-01,2.444850557169360450e-01,2.761212675055126908e-01,2.665303222407962025e-01,2.191325804111874387e-01,2.222831455498317232e-01,2.080707825131560273e-01,1.920176962243354546e-01,1.830044294205018796e-01,1.882511092922763973e-01,1.920627731507439651e-01,1.692656894133840739e-01,1.773164165418931459e-01,2.068291019002991282e-01,2.267072762201328695e-01,2.613848513650422478e-01,2.719559015405060287e-01,1.704244412872165659e-01,1.476228894763432498e-01,1.921044789744725534e-01,2.193648306775418666e-01,2.119825616043887750e-01,1.849188651780804549e-01,1.767135112519194751e-01,1.756875663756115036e-01,1.945766732036765256e-01,2.275698762372060646e-01,2.405893462706338304e-01,2.221667830598536009e-01,2.295992204162524142e-01,2.479231836550694068e-01,2.778592378435845722e-01,2.627766162290751106e-01,2.353066064450785311e-01,2.054907569670092193e-01,2.080699587708565446e-01,2.124698592932485752e-01,1.939106393285459085e-01,1.673576039182113062e-01,1.755841362502914282e-01,1.888960298902477297e-01,1.622240058334342150e-01,1.430560005642888821e-01,1.332639965647935409e-01,1.333159969060241923e-01,1.483290013126686013e-01,1.520822542769748598e-01,1.230205644633133866e-01,1.407551405197818850e-01,1.576887837888409638e-01,1.794221965432566956e-01,1.723555486142735460e-01,1.180888864085103268e-01,1.320222207080579135e-01,1.105055557730609261e-01,1.251263853669865589e-01,1.287815927654679671e-01,1.421953975953205440e-01,1.480488538691784872e-01,1.195122167455500845e-01,1.448780562725500709e-01,1.737195133230794719e-01,2.409298836951879186e-01,2.902324778900898239e-01
1.999999955296516418e-01,1.699999962002038956e-01,1.924999975599348545e-01,1.756249970057979226e-01,1.864062474633101374e-01,2.091015633559436537e-01,2.347753956073575232e-01,1.986938494978858216e-01,1.971734669938314255e-01,2.342933691326436751e-01,2.610733428792073596e-01,2.365183363158482877e-01,1.866295854200665794e-01,1.416573970255688986e-01,1.204143501504618963e-01,1.251035882081677209e-01,1.087758976480883710e-01,1.096939739649872569e-01,1.174234933422352023e-01,1.343558737825936433e-01,1.610889697867529113e-01,1.902722446818624347e-01,1.650680608724423848e-01,1.754784287804084242e-01,1.540932432262529239e-01,1.525748316309956110e-01,1.443519908962673792e-01,8.181563345785008989e-02,1.282634966775652585e-01,1.576735323470055405e-01,1.784197525630697445e-01,1.804828044387277175e-01,2.075073196642740481e-01,1.824772264598097382e-01,1.846476509183219705e-01,1.913644302390409280e-01,2.096453738337356043e-01,2.727500754625995505e-01,2.707685892291714636e-01,2.263545409964484167e-01,1.954974014591913112e-01,1.787478235620195699e-01,1.713228724215908605e-01,2.208077436142783234e-01,2.266406895084584761e-01,2.143786520104458970e-01,2.017095863903773656e-01,1.905109368285838045e-01,2.026277353992388397e-01,2.356569362339955009e-01,1.789142369642252872e-01,1.472285583469866710e-01,1.593071419709324588e-01,1.473267872808724510e-01,1.168316941007561949e-01,8.420792322716581790e-02,1.110519806577798391e-01,1.452629948664217463e-01,1.738157516968376615e-01,1.984539372536571755e-01,1.496134820782401287e-01,1.549033702215368014e-01,1.437258448650641784e-01,1.159314594281267152e-01,9.148286485703167881e-02,9.037071889646693112e-02,8.759268106522123676e-02,9.939817086235175347e-02,1.348495458448317752e-01,1.637123854181266602e-01,2.084280930762762163e-01,1.971070209593890621e-01
1.375000011175870895e-01,1.368749993853271008e-01,1.417187516344711185e-01,1.479296849283855408e-01,1.844824184008757584e-01,1.711206008749286411e-01,1.227801484305928170e-01,1.456950354685204729e-01,1.514237609532926854e-01,1.678559429205321862e-01,1.719639846870517630e-01,1.829909967678093885e-01,1.832477484468942874e-01,2.058119409860255100e-01,1.964529885247618402e-01,1.966132480252601455e-01,1.441533145395124393e-01,1.185383281878432671e-01,1.371345838351001600e-01,1.017836486409840480e-01,1.104459130543156836e-01,1.251114765499453663e-01,9.127786965902698335e-02,9.475068614317985749e-02,9.887086566645406083e-02,1.250526475815934568e-01,1.537321214355270582e-01,1.779997536161850025e-01,1.958625735993015371e-01,1.924923204420712630e-01,1.254022603988326212e-01,1.314716869532981669e-01,1.461038610324243425e-01,1.624361766126001805e-01,1.604692462272009346e-01,1.403218687372048967e-01,1.336429089505632439e-01,1.980221897413124155e-01,2.039962343883958973e-01,1.875189935791603535e-01,1.732310527470735662e-01,1.699554330087459930e-01,1.747318246954867593e-01,1.873797076194035349e-01,2.096437153033551271e-01,2.162210441334082855e-01,2.107324959512311691e-01,1.828049585639376917e-01,1.757012423231934239e-01,1.989253117728912446e-01,2.522313322645595712e-01,2.055578312780005357e-01,1.838894618428136840e-01,2.359723705270982408e-01,4.764931117052608744e-01,7.891233095167768941e-01,6.647808434724482574e-01,6.736952186167158851e-01,4.584237963095286750e-01,2.721059441599990025e-01,3.205264911063945288e-01,6.426316376777598816e-01,6.281579106115329214e-01,4.595394648378846036e-01,2.173848690406917639e-01,1.468462184522658365e-01,1.417115569227464511e-01,1.204278882621111491e-01,1.176069743007019663e-01,1.294017469279367671e-01,1.123504368064899978e-01,1.224626081399147748e-01
1.400000005960464478e-01,1.475000046193599701e-01,1.468750042840838432e-01,1.417187515180557966e-01,1.554296889225952327e-01,1.763574252108810470e-01,1.590893583888828289e-01,1.697723385541394236e-01,1.899430855326045275e-01,1.949857685519305051e-01,1.962464393067619994e-01,1.765616111677950073e-01,1.741404054741577667e-01,1.760351053918529640e-01,1.690087763479632410e-01,1.647521927458863167e-01,1.561880484099890110e-01,1.240470111339217751e-01,9.851175360304431639e-02,7.462793821449656417e-02,7.365698425560091023e-02,7.841424658544086934e-02,5.710356127383119096e-02,6.338026235789509522e-02,7.225251349382215416e-02,1.097359065030331787e-01,1.401156448775111585e-01,1.688046409053995944e-01,1.265149002488303864e-01,2.663154242475452085e-02,9.654735236873135396e-02,1.349478778975951310e-01,1.197517506216403682e-01,1.198203785204499106e-01,1.291471961384914602e-01,1.381150469990050367e-01,1.544925231688090983e-01,1.559064229069369312e-01,1.386381720438156773e-01,1.367071577642002267e-01,1.623137185656437775e-01,2.072965996882172590e-01,2.002531152819805316e-01,1.857411752605242772e-01,2.042447450375508011e-01,2.171845466548192327e-01,1.488612450821694688e-01,1.649898031767084439e-01,2.012474472178984175e-01,2.678118555459869099e-01,3.569529629924270697e-01,4.667382383639210319e-01,4.866845494581906184e-01,5.191711457091978676e-01,7.447927885134619785e-01,5.361981911679010171e-01,4.490495454077894633e-01,4.097623857559009042e-01,4.424406000152539264e-01,6.031101571563708408e-01,7.357775550843236312e-01,4.589443947315453576e-01,3.172361030042231134e-01,2.918090242609396867e-01,4.279522602375600560e-01,5.494880602910183764e-01,7.298720162648475451e-01,9.549680273120233487e-01,9.987419972912625621e-01,1.032185498130722801e+00,7.255463869006444355e-01,3.013865977682423924e-01
1.219999998807907104e+00,1.265000008046627045e+00,6.812500040978193283e-01,3.203124995343387127e-01,2.025781235424801707e-01,1.881445301405619830e-01,2.045361276177573018e-01,1.936340301162999822e-01,1.484085108818362642e-01,1.296021289125519615e-01,1.599005335692424978e-01,1.699751360745196394e-01,1.599937874458969844e-01,1.274984453713581267e-01,1.368746080645840690e-01,1.642186509730647337e-01,1.735546630412894142e-01,1.333886637486655924e-01,1.108471665332128459e-01,1.002117914097857970e-01,7.005294777794064676e-02,5.251323616217419554e-02,6.062830844449709766e-02,8.246459776890205373e-02,1.316343861687479522e-01,1.790425074067785727e-01,2.023090432576108433e-01,2.048962863905173237e-01,2.115896084065968519e-01,2.183253253041638475e-01,2.143728977575632688e-01,2.154441909525477150e-01,2.342942130201479400e-01,2.277408073751484574e-01,2.161665553949364826e-01,1.947147397970678540e-01,1.831991783970475796e-01,1.932166954426437766e-01,1.775220592952884702e-01,1.816495013767758238e-01,1.794670212401519027e-01,1.988038529488834194e-01,1.955074993156739049e-01,2.355313307887153540e-01,2.910716460855264920e-01,2.202336993493502204e-01,3.372141621181832249e-01,5.519682293551531060e-01,7.029920549546024855e-01,1.018247985128421185e+00,1.779561972440247386e+00,1.392390528276802319e+00,1.148097643990129590e+00,1.057024406825207263e+00,5.967560975339767371e-01,5.666890211052386661e-01,4.291722493158451890e-01,4.822930623289612972e-01,3.705732730328209490e-01,4.051433182582052650e-01,5.637858280744352246e-01,4.459464567205856378e-01,2.839866135840999339e-01,1.834966504157927447e-01,2.558741634980178925e-01,4.739685521993869943e-01,6.659921523549614530e-01,7.364980309361830457e-01,6.778744950680587467e-01,5.444686312175952558e-01,8.386171733016064556e-01,1.249654307332493275e+00
