nan,nan,nan,nan,nan,nan,nan,nan,nan,nan,nan,nan,nan,nan,nan,nan,nan,nan,nan,nan,nan,nan,nan,nan,nan,nan,nan,nan,nan,nan,nan,nan,nan,nan,nan,nan,nan,nan,nan,nan,nan,nan,nan,nan,nan,nan,nan,nan,nan,nan,nan,nan,nan,nan,nan,nan,nan,nan,nan,nan,nan,nan,nan,nan,nan,nan,nan,nan,nan,nan,nan,nan
nan,nan,nan,nan,nan,nan,nan,nan,nan,nan,nan,nan,nan,nan,nan,nan,nan,nan,nan,nan,nan,nan,nan,nan,nan,nan,nan,nan,nan,nan,nan,nan,nan,nan,nan,nan,nan,nan,nan,nan,nan,nan,nan,nan,nan,nan,nan,nan,nan,nan,nan,nan,nan,nan,nan,nan,nan,nan,nan,nan,nan,nan,nan,nan,nan,nan,nan,nan,nan,nan,nan,nan
nan,nan,nan,nan,nan,nan,nan,nan,nan,nan,nan,nan,nan,nan,nan,nan,nan,nan,nan,nan,nan,nan,nan,nan,nan,nan,nan,nan,nan,nan,nan,nan,nan,nan,nan,nan,nan,nan,nan,nan,nan,nan,nan,nan,nan,nan,nan,nan,nan,nan,nan,nan,nan,nan,nan,nan,nan,nan,nan,nan,nan,nan,nan,nan,nan,nan,nan,nan,nan,nan,nan,nan
nan,nan,nan,nan,nan,nan,nan,nan,nan,nan,nan,nan,nan,nan,nan,nan,nan,nan,nan,nan,nan,nan,nan,nan,nan,nan,nan,nan,nan,nan,nan,nan,nan,nan,nan,nan,nan,nan,nan,nan,nan,nan,nan,nan,nan,nan,nan,nan,nan,nan,nan,nan,nan,nan,nan,nan,nan,nan,nan,nan,nan,nan,nan,nan,nan,nan,nan,nan,nan,nan,nan,nan
nan,nan,nan,nan,nan,nan,nan,nan,nan,nan,nan,nan,nan,nan,nan,nan,nan,nan,nan,nan,nan,nan,nan,nan,nan,nan,nan,nan,nan,nan,nan,nan,nan,nan,nan,nan,nan,nan,nan,nan,nan,nan,nan,nan,nan,nan,nan,nan,nan,nan,nan,nan,nan,nan,nan,nan,nan,nan,nan,nan,nan,nan,nan,nan,nan,nan,nan,nan,nan,nan,nan,nan
nan,nan,nan,nan,nan,nan,nan,nan,nan,nan,nan,nan,nan,nan,nan,nan,nan,nan,nan,nan,nan,nan,nan,nan,nan,nan,nan,nan,nan,nan,nan,nan,nan,nan,nan,nan,nan,nan,nan,nan,nan,nan,nan,nan,nan,nan,nan,nan,nan,nan,nan,nan,nan,nan,nan,nan,nan,nan,nan,nan,nan,nan,nan,nan,nan,nan,nan,nan,nan,nan,nan,nan
nan,nan,nan,nan,nan,nan,nan,nan,nan,nan,nan,nan,nan,nan,nan,nan,nan,nan,nan,nan,nan,nan,nan,nan,nan,nan,nan,nan,nan,nan,nan,nan,nan,nan,nan,nan,nan,nan,nan,nan,nan,nan,nan,nan,nan,nan,nan,nan,nan,nan,nan,nan,nan,nan,nan,nan,nan,nan,nan,nan,nan,nan,nan,nan,nan,nan,nan,nan,nan,nan,nan,nan
-3.143625566735864553e-03,2.171409310540184032e-02,2.886814436351414423e-02,2.980491402195184492e-02,nan,nan,nan,nan,nan,nan,nan,nan,nan,nan,nan,nan,nan,nan,nan,nan,nan,nan,nan,nan,nan,nan,nan,nan,nan,nan,nan,nan,nan,nan,nan,nan,nan,nan,nan,nan,nan,nan,nan,nan,nan,nan,nan,nan,nan,nan,nan,nan,nan,nan,nan,nan,nan,nan,nan,nan,nan,nan,nan,nan,nan,nan,nan,nan,nan,nan,nan,nan
5.350177409127355489e-03,1.972048246534541249e-02,3.280863697000313550e-02,3.129715418981504627e-02,4.595427387994277524e-02,4.794561487074134459e-02,3.902527316569148752e-02,4.428152041300847941e-02,3.085290372785109980e-02,3.822718563592975016e-02,5.654620013923804776e-03,-1.527430722308870288e-02,-9.549682843046180050e-03,4.947781592022181332e-03,4.824904353156954373e-02,9.841590374890782367e-02,5.128882359758967641e-02,3.018942964274673457e-02,4.623516864378995894e-02,6.209971413773732185e-02,2.229714226632673740e-02,8.173086437637257576e-03,2.508352602036412193e-04,-3.770913390951563526e-03,1.777963660316642103e-04,-3.836348793850417535e-03,1.194589115879285401e-02,3.163977781360682862e-02,4.614944680140747879e-02,4.735991805445734226e-02,4.611322907644406499e-02,3.331619377692017492e-02,2.843977154110738023e-02,2.771281734311299705e-02,4.374502111276913630e-02,3.574224066933227167e-02,4.061678487112183045e-02,4.511158929032598602e-02,1.579713639061280928e-02,5.030766604941656547e-03,2.071668638626773112e-02,-1.499251587604473294e-02,-1.505045670622336476e-02,6.869686107203992927e-03,7.885571040470540360e-02,1.569964211254296915e-01,5.949402858519251686e-02,2.971315145729406387e-02,3.992828806921448065e-02,4.248207175653329754e-02,5.812051827440944951e-02,4.203012988525203775e-02,3.300753243406010645e-02,5.575188344379115174e-02,4.143797117759746157e-02,1.285949273852001092e-02,7.148732405093572058e-04,-2.321281633993305463e-03,6.919680820847474295e-03,4.172992210510992339e-02,6.043247940869039825e-02,1.351081171699635985e-01,4.877702895721477278e-02,4.469425651287207979e-02,1.617356401645931099e-02,9.043390892356117927e-03,2.976084757407741754e-02,5.494021222879548472e-02,5.623505350423370353e-02,4.905876352507003435e-02,4.764691048905572886e-03,-1.247128255021563888e-02
-4.171716049313546094e-03,9.238409809768198186e-03,6.039345404133200645e-03,1.118481921730563045e-02,-2.678015342098660767e-03,-3.489584378257859498e-04,-3.071191550588992826e-03,-1.600451192757645913e-02,2.254486822209855745e-03,3.279699197193508553e-03,-4.116696533789721002e-02,-6.646321817544718902e-02,-5.608486456624571515e-02,-1.500887209040896106e-02,1.163943776755164972e-02,7.618341219763726576e-04,-4.157467067773372611e-03,-3.565712662546642077e-03,-1.025708815581800187e-03,-5.489489635111689976e-03,-2.341862456259176037e-02,-1.458382202624540838e-02,-1.778939800880665820e-02,-1.301041680058418609e-02,-1.490137508755072678e-02,-2.149325415180411078e-02,-1.108803056801057479e-02,9.690737429386135637e-03,4.060838606286191338e-02,3.823038714957272682e-02,4.171762746530779942e-02,5.232346276928487305e-02,1.517371655252949814e-02,5.303623640903273526e-03,4.403637967118830682e-02,3.809752097132108883e-02,3.538558018804167926e-02,3.184239692390107568e-02,1.344266472235357626e-02,9.707823241688399302e-03,3.119787348774263891e-02,5.059604632528504065e-03,-1.021581776571692593e-02,2.044581090998545334e-02,1.093105120350715831e-01,6.541873807434731014e-02,5.098812215582652213e-02,2.268260281671117401e-02,3.170650760057148847e-03,-4.207337198227002750e-03,2.644816508577035180e-02,4.411204183023613445e-02,6.602801202218096244e-02,5.900700345258007296e-02,6.225175259540501049e-02,2.306293798121318919e-02,7.657346070620053846e-04,-1.980856590119966371e-02,4.785841294137511970e-05,7.511964435597279915e-03,-1.312200855582455403e-02,-3.078050152428324013e-02,-2.769512493403597161e-02,-1.442378106587093034e-02,-3.605945266467732585e-03,-9.014863166169340136e-04,9.774628197328348589e-03,-7.556342727150493210e-03,2.561091370353947572e-02,3.140272786709132069e-02,2.535068157561734883e-02,2.947414933346596388e-04
3.432707977481184655e-03,3.040014562429859367e-03,9.701183829747606069e-03,-4.653664347642916255e-03,-2.056128358117348398e-02,-1.062701762100459746e-02,-1.189301146288812561e-02,-1.940775937890037994e-02,-1.324331084155794258e-02,-1.318519579684673641e-02,-6.331174918094262249e-02,-5.681741075734045299e-02,-7.396989461536146448e-02,-7.680810931264098196e-02,-4.268486591553001530e-02,-2.402833692853726527e-02,-4.463073851571748574e-02,-4.642092636328505606e-02,-2.370578007425260328e-02,-2.470350627234923699e-02,-4.639688131494161538e-02,-5.215814615856318587e-02,-4.778674500825680349e-02,-4.913167300359079503e-02,-2.234839512664990938e-02,-7.609492760794652789e-03,-3.460692116913628713e-02,-2.075017538368063852e-02,1.401426196918050850e-02,1.993565429206977518e-02,2.513163066520365807e-02,2.326611032489456915e-02,3.810284932554641735e-02,7.458985385820487979e-02,7.005296781044507981e-02,4.589997311900384513e-02,3.090262852105082891e-02,1.454489694782242631e-02,2.596925054361784099e-03,3.864233683483144985e-03,-3.993872128504927926e-03,-2.484887082690458160e-02,-4.922793989209946208e-02,-4.907857160351827841e-02,-2.003234578130681093e-02,-1.161293150611898868e-02,2.229615456427743586e-02,5.305116615957421178e-02,1.701279168890516488e-02,5.675319814574371347e-02,8.729719288992794646e-02,5.304208470594860836e-02,1.207605229646265127e-01,1.601901324920430858e-01,6.754753250833786526e-02,9.386883294722529747e-03,-7.653278952801949656e-03,-2.691331917940693874e-02,-4.422832895666141406e-02,-4.605708145685438737e-02,-6.651426913486779835e-02,-6.162856627788856900e-02,-5.290714073128181816e-02,-4.322678451226819735e-02,-4.080669545751479388e-02,-1.520167375261998952e-02,-1.630041815875822586e-02,-9.075104427930847512e-03,2.731223781258579168e-03,1.318280566591787176e-02,3.295701416479467072e-03,-8.317897427992418727e-03
1.281995233148336411e-02,2.054116199724376202e-02,7.216797937871888280e-03,-5.446954972285312536e-03,-2.045059445481456697e-02,-1.500525525580087560e-02,-4.572830197389521345e-03,-1.045335325642327874e-03,-2.180741360859173028e-02,-3.900444415975634627e-02,-6.970255799037472499e-02,-7.590584916855458442e-02,-5.754490125424058244e-02,-3.733731974722542118e-02,-1.863824990779558433e-02,-1.962596002318064276e-02,-2.431463942174116530e-03,1.822015677386423088e-02,-7.430392231807360706e-03,-1.028325383272400695e-02,-1.270508433855233391e-02,-1.637962144607468806e-02,-3.219782947747450164e-02,-6.009812284074361743e-02,-4.721392226358785138e-02,-3.111718385701511130e-02,-1.779725885772489441e-02,-4.312513672768530579e-03,-3.961502627865956527e-02,-6.754268561327034237e-02,-7.996699047682678460e-03,2.457340848133018202e-02,4.991418878655893426e-02,8.156331631149169037e-02,6.006404665014474648e-02,3.491293802087835907e-02,4.729008622275127083e-02,4.800615213763299860e-02,2.204509192599998085e-02,-8.841472627857957858e-03,-3.543217176252097533e-02,-3.801254479600362640e-02,-5.407673567164285322e-02,-6.045254175458933399e-02,-1.136208149814254414e-02,1.234562104515446804e-02,-9.403253999918361958e-04,-2.383949298182054533e-02,-3.345987356210480823e-02,-1.586496822288813863e-02,2.103375738548442231e-02,7.150843809839886600e-02,2.787710976674358590e-02,-9.645920505767053774e-04,-1.110888710892809009e-02,-7.777221665473312701e-03,1.555569419247618962e-02,1.888892321284291881e-02,-1.277776927129507627e-02,-5.319444213155925111e-02,-6.079860993684336329e-02,-6.769965270772826393e-02,-5.692491321418496897e-02,-3.673122826629333926e-02,-3.668280738322300671e-02,-2.417070151052962482e-02,-2.854267487471821504e-02,-7.135668718679554628e-03,1.821608237329527466e-02,2.955402003453027476e-02,1.738850478511515252e-02,7.552114279149629156e-03
-2.896495128516107798e-02,-2.633303907350637019e-02,-5.093494786706287414e-03,-1.612462164666794706e-02,-2.705091160214578849e-02,3.080158135958299681e-03,-6.651881647968593825e-03,-3.190438438526399523e-02,-4.298688002941908337e-02,-1.597133953377083415e-02,-3.879623311272452704e-03,-5.393824395972271479e-02,-6.659796285737995536e-02,-4.648744550374508955e-02,-4.874907166890144611e-02,-2.888274293409884633e-03,-8.982624371540324365e-03,-2.248665305716092064e-02,-2.961893749173058824e-02,-2.708233426495287866e-02,-2.992423740025335413e-02,-2.453212655334664760e-02,-2.121116926707077716e-02,-2.193012730637503016e-02,-4.475529838690984336e-02,-4.942122002216634002e-02,-6.780311216345568867e-03,-1.811551901808160919e-02,-1.265816726563070808e-02,-7.819911373847958369e-03,1.520848649040007668e-02,3.378682956669515347e-02,6.080668885403321677e-02,5.862518702669304582e-02,2.900697785671393913e-02,2.476015899469059811e-03,-3.929662092554174826e-03,-2.738827572738817065e-02,-1.433655483083350057e-02,-2.971919079635645944e-02,-7.941617959492928980e-02,-5.768994277654470454e-02,-6.922494815274671254e-02,-6.798747696351159497e-02,-5.843558570462253909e-02,-5.337225188989885155e-02,-4.259936816414060246e-02,-1.738532056887910279e-02,2.565366918722797318e-02,6.391341601158184726e-02,5.347835456168900659e-02,9.836958953449193022e-02,5.209239723461137062e-02,6.552309906650898019e-02,8.013035614463977913e-03,-9.732219512469247880e-03,-2.618305458009408809e-02,-4.154576332837384839e-02,-3.288644032917927007e-02,-3.072160957938062376e-02,-4.018040213407483158e-02,-6.254510075703612060e-02,-7.063627489123580627e-02,-6.515906766110121651e-02,-2.628976669175788622e-02,1.592755828980762373e-02,1.648188975871642259e-02,-3.087952770933250629e-02,-3.521988131266022559e-02,-2.630496993700957159e-02,-2.907624244699948818e-02,-4.951029858205175521e-02
-6.676105037331581116e-02,-5.132644344121217728e-02,-5.260039796121418476e-02,-5.347556603373959661e-02,-4.372262764081824571e-02,-5.905463498856988735e-02,-6.109755846864572959e-02,-4.297945598887054075e-02,-1.449165294599197296e-02,-2.772407184052383400e-02,-6.178553576272705072e-02,-4.613018731276685713e-02,2.352190216382221699e-02,4.497138367344905019e-02,8.182613303263905347e-03,-1.985463496918481521e-02,-4.111942648111532872e-02,-3.936611325286018537e-02,-2.566821390015926879e-02,-2.291127033810577696e-02,8.244822453010176855e-03,7.991431530081929968e-02,7.483261443553790304e-02,1.187128758027758413e-02,-2.313839132439442919e-02,-4.417293251144724375e-02,-3.034768466052372576e-02,-2.841129276937981452e-02,-1.760030009792928896e-02,-1.284053743120701363e-02,-5.610420387826041758e-03,1.493544340584633881e-02,5.483958927179271442e-03,7.737027623715246605e-04,3.038155963069355189e-02,3.866619319976905000e-02,2.579782363340640816e-02,-1.843135380107813887e-02,-1.485047197182638723e-02,9.663677573602242818e-03,-6.259504057367432789e-03,-4.946088122760250450e-02,-3.824045714595664114e-02,4.071693353705729129e-03,-2.381465166146478837e-02,-5.396307332652116283e-03,-3.215425270196623376e-03,1.741932062558908256e-02,3.935482937408630449e-02,4.483870749253318633e-02,6.120967761819135627e-02,2.530241918103041943e-02,2.632560434822276904e-02,4.908140153409052547e-02,9.602035130553197850e-02,2.150508788226234910e-02,2.876272026444941753e-03,-1.928093154635392853e-02,-4.232023204839815977e-02,-2.808005762094405861e-02,-3.202001384644247162e-02,-6.050500275380546467e-02,-4.762625089334233258e-02,-6.906562835094290365e-03,5.327335806188063239e-02,3.831833895667660639e-02,-2.920414981434076018e-03,-7.301037453585190046e-04,1.231747378426359743e-02,3.079368446065898490e-03,-1.923015744144868783e-02,-4.149780150665628720e-02
-7.125498075038194656e-02,-7.353356783278286457e-02,-8.919044100912287831e-02,-7.374521037854719907e-02,-6.471009755114209838e-02,-4.812996792043122696e-02,-5.314265832862474781e-02,-4.353630237420702542e-02,-5.139015724917328498e-02,-7.327905697291114961e-02,-5.450989080013091126e-02,-3.576163984224511871e-02,-4.453882491063404503e-02,-2.798312811608445749e-02,-1.006752066886755850e-02,-4.130858463735214564e-03,5.960335252953481711e-04,-2.664677330185291973e-02,-5.378378315094405060e-03,5.025041155931271597e-02,5.618661003290841005e-02,7.306798574074911679e-02,1.156878924894328142e-01,1.187578907616424970e-02,-4.858767161516475142e-02,-4.666734466887545452e-02,-6.107221352541702952e-02,-7.902925786247913531e-02,-5.738881684062646649e-02,-4.086261449187439387e-02,-5.582739557556669341e-02,-5.544265023304115192e-02,-4.481561770397695516e-02,-2.855793225978382754e-02,-2.705558721774461300e-02,-6.148060308037608945e-02,-7.570990521743498070e-02,-5.134043277311971243e-02,-7.229030736041230920e-02,-1.063973099185828580e-01,-3.649982009564350927e-02,1.099335168216353936e-03,-3.763624044398125590e-02,-3.557144232625677333e-02,-4.992440560965467206e-02,-4.153766071922761205e-02,1.916173668919210135e-02,9.592934752956153166e-04,-1.726017624002061657e-02,8.184955660598073474e-03,3.204623824459726378e-02,5.051155907686157021e-02,3.512789019762377341e-02,1.281972717044006782e-03,-4.679506708980289351e-03,1.383012298747879863e-02,3.845752996455873568e-02,2.211438221174290980e-02,8.028595497056372973e-03,-2.992851013977197803e-03,-1.074821252997688187e-02,-3.018705251782131949e-02,-2.504676273829984506e-02,2.623831091729986881e-02,8.905958054191914774e-02,3.976489474432430560e-02,1.744122351844301297e-02,-6.396940086305369366e-04,-3.265992324138731334e-02,-5.066498125738166242e-02,-6.766624501632219346e-02,-7.473030554760635991e-02
-1.024999991059303284e-01,-1.206249967217445374e-01,-1.176562476903200150e-01,-1.144140609540045261e-01,-1.036035135621204972e-01,-8.090087809250690043e-02,-8.772522034269059077e-02,-7.193130489940813277e-02,-6.048282574056429439e-02,-4.762070664003204001e-02,-4.690517587769704733e-02,-6.922629314986039617e-02,-5.980657326883864755e-02,-2.495164309369224398e-02,3.762089003059521097e-03,-6.559477581597055428e-03,-2.663986883660571583e-02,-3.915996694838110720e-02,-5.478999166258947257e-02,-6.869749668630156791e-02,-5.217437338926442236e-02,-3.054359295616062425e-02,-3.763589756848789714e-02,-5.575781811565751200e-02,-5.834542059473842024e-02,-4.446779711438380439e-02,-4.503068085360815986e-02,-6.944397962552381620e-02,-7.288539441044646072e-02,-8.014217958255488716e-02,-6.225387986849714728e-02,-5.557220860409480684e-02,-5.314036659669812285e-02,-3.307987334150059439e-02,-6.017559662912781715e-02,-7.116456862651927839e-02,-7.084977387478853805e-02,-7.118496518356329239e-02,-4.930862280483724186e-02,-6.484325942336439941e-02,-3.790588924832373474e-02,-3.951019995422967029e-02,-6.817588446788939993e-02,-6.169122144146003961e-02,-6.600011620562086512e-02,-3.925904274425359719e-02,-1.782397545107831938e-03,3.407489789841415886e-03,-9.148127329022228554e-03,-7.287031720496848185e-03,6.782424796577205678e-04,3.016956088068475234e-02,1.254239010841248086e-02,-9.364402193500107399e-03,1.588993957456182396e-04,4.003972488618930820e-02,5.500993207836409743e-02,8.752483131349733311e-03,2.188120782837433762e-03,-3.195296954352032370e-02,-4.048824259077105081e-02,-2.762206025653728136e-02,1.809448437707213836e-02,6.452361975316353582e-02,1.863090488241152948e-02,9.657726108844173415e-03,4.914431471331689311e-03,-1.377139179689094994e-02,-6.844284742768209917e-02,-9.211071297450761086e-02,-9.302767854165013006e-02,-8.888191851782543951e-02
-1.362499985843896866e-01,-1.640625023283064365e-01,-1.460156278917565942e-01,-1.290039044397417456e-01,-1.247509735767380334e-01,-1.236877445862774039e-01,-1.234219392013073957e-01,-8.835548584340813250e-02,-8.458887332349718235e-02,-7.614721803285107171e-02,-7.903680316710826048e-02,-8.475920027023642334e-02,-9.118980036558232971e-02,-8.529745009139558243e-02,-8.882436520505790356e-02,-7.970609327566832714e-02,-7.492652302089386485e-02,-1.112316282220260633e-01,-1.128079042242858820e-01,-9.570197501299018694e-02,-1.039254938277533596e-01,-9.598137375496156032e-02,-8.149534261917652789e-02,-7.548283921354904946e-02,-8.065025542347106779e-02,-8.579198279521979553e-02,-7.954120917504559074e-02,-5.830275430874409803e-02,-5.895292613555089267e-02,-7.988450267327103227e-02,-8.978832038346000466e-02,-7.677760787830519018e-02,-7.331489229705374921e-02,-7.635525012887130203e-02,-7.146977482953818794e-02,-8.561531603018232572e-02,-1.004364214829598645e-01,-1.011848585678138956e-01,-7.076375898900127970e-02,-7.335639178053164622e-02,-5.656359226267940188e-02,-2.634794281984718239e-02,-5.689646401024200245e-02,-6.767126942181669880e-02,-8.472566126412173215e-02,-7.802870824591820464e-02,-4.091968223309051800e-02,-2.229721776988799822e-02,-3.557430470324231958e-02,-3.639357602679896969e-02,-5.909839382043522577e-02,-6.227459785906235695e-02,-5.556864950201849396e-02,-5.139216200297559711e-02,-5.284804053799681267e-02,1.428798925082789412e-02,-6.428002463775608563e-03,-1.160700039242648467e-02,-2.040175017261242757e-02,-5.260043787842923202e-02,-3.815010984213633438e-02,-2.703752753503988956e-02,-2.550938262881802948e-02,2.612265315070259886e-02,-1.346933626528951447e-02,-6.586733406632237775e-02,-8.646683567724897101e-02,-1.016167089938180557e-01,-9.540417568383259550e-02,-7.135104332491169765e-02,-9.783776090573373385e-02,-1.085219406175889079e-01
-1.649999991059303284e-01,-1.912500020116567612e-01,-1.928125037811696529e-01,-1.757031310116872191e-01,-1.614257861801888794e-01,-1.553564467685646378e-01,-1.288391096804843983e-01,-1.197097759300049802e-01,-1.124274435354664092e-01,-1.106068604368317665e-01,-1.126517141406324640e-01,-1.156629270450419966e-01,-1.089157318357663051e-01,-1.122289338530112479e-01,-1.205572346553457075e-01,-8.763931063824029200e-02,-6.190982769681297598e-02,-5.797745643991550346e-02,-6.449436485503692862e-02,-8.612359151178244909e-02,-6.403089692799658617e-02,-5.350772292814753861e-02,-1.058769281988394817e-01,-1.124583776117626110e-01,-1.291253975361899287e-01,-1.410721903376359609e-01,-1.033186472414081014e-01,-6.370268406863373312e-02,-9.138069026767055292e-02,-9.761023638918707446e-02,-9.662944107819275430e-02,-9.789832316231895926e-02,-8.781802749234479677e-02,-9.532982879777263108e-02,-9.399386501287299023e-02,-8.164115251594503131e-02,-6.122055370731582097e-02,-6.206410122196731605e-02,-1.132803534276308061e-01,-1.193016723992184197e-01,-1.045625869483191583e-01,-1.007274647317935590e-01,-9.319108624663476059e-02,-1.170826998834970656e-01,-1.206478699417204425e-01,-1.068709641538880956e-01,-1.045239288320845145e-01,-9.033827343858047421e-02,-8.508456835964511855e-02,-9.377114186639387561e-02,-8.844278494505783406e-02,-1.171106950441715699e-01,-1.142776737237899964e-01,-9.356941790940685733e-02,-1.083923544400988148e-01,-8.459808779046083804e-02,-1.011495220221210189e-01,-1.077873800584954189e-01,-1.169468430029670936e-01,-1.092367108252475794e-01,-1.173091756946551406e-01,-1.068272926570650871e-01,-8.420682420734755536e-02,-8.355170791448203460e-02,-7.838792802170178875e-02,-9.709698260147189841e-02,-1.267742447562983099e-01,-1.416935643183184212e-01,-1.529233907815563676e-01,-1.707308479934123158e-01,-1.526827151275969296e-01,-1.494206788564050314e-01
-1.400000005960464478e-01,-1.600000038743019104e-01,-1.500000003725290298e-01,-1.449999981559813023e-01,-1.312499983469024301e-01,-1.553124982456211001e-01,-1.538281247849226929e-01,-1.359570313452422852e-01,-1.439892609655544220e-01,-1.334973153904002174e-01,-1.158743284005652185e-01,-1.089685821746471106e-01,-1.047421461397082254e-01,-1.111855355663515788e-01,-1.077963821034485514e-01,-9.944909343969957072e-02,-1.023622711620036096e-01,-7.059056771599508950e-02,-9.764764014085942911e-02,-1.344119075765232707e-01,-1.323529758510495480e-01,-1.405882438882565810e-01,-1.051470594074422338e-01,-8.077710013752416318e-02,-1.192166243770848566e-01,-1.182792456144872023e-01,-1.161770273296729439e-01,-1.223292437456224291e-01,-1.284926760261797529e-01,-1.187739484773462917e-01,-9.164334649260803822e-02,-7.356240740521739763e-02,-1.022021028923590646e-01,-1.059736461323400325e-01,-1.023935508201991584e-01,-1.061053085195639567e-01,-1.168374744024778117e-01,-1.015983137480145904e-01,-9.911687456050828626e-02,-1.205763513408087545e-01,-1.238924673339223542e-01,-1.174569083040082479e-01,-1.078233315990647645e-01,-1.108813166480829560e-01,-1.033367019112301499e-01,-8.653115732509375491e-02,-9.309504616518438080e-02,-9.248883898248180802e-02,-6.812220873979207836e-02,-1.020305512163725559e-01,-1.030076384001395867e-01,-1.107519086314594225e-01,-1.126879761892893850e-01,-1.006719956864500776e-01,-9.766800056074025072e-02,-1.119169986500689468e-01,-1.254792460862385606e-01,-1.413698109255131785e-01,-1.603424564566685862e-01,-1.350856147847193933e-01,-1.137714037706856474e-01,-1.159428494525552994e-01,-1.089857124376446412e-01,-1.097464276623763280e-01,-1.224366038608560303e-01,-1.181091494750979021e-01,-1.270272875177860805e-01,-1.492568215814232824e-01,-1.398142045012861490e-01,-1.399535534350015153e-01,-1.299883871666575041e-01,-1.374970972386992119e-01
-1.274999994784593582e-01,-1.068750009872019291e-01,-1.067187503213062882e-01,-1.216796863882336766e-01,-1.304199212245293893e-01,-1.076049786297517130e-01,-8.940124279479277902e-02,-1.123503086870414336e-01,-1.055875777678068062e-01,-1.088968939949168657e-01,-1.097242230516943806e-01,-1.124310547943481176e-01,-1.081077619104476861e-01,-8.702693913650741409e-02,-9.175673321950493511e-02,-1.054391828578414014e-01,-1.013597968320474330e-01,-1.153399471963550971e-01,-1.163349853089726549e-01,-1.215837475193360662e-01,-1.278959407541359339e-01,-1.019739873492023496e-01,-1.004934979548876839e-01,-9.392184573091133526e-02,-7.626798142412569148e-02,-6.012869754041052367e-02,-6.889835031977498137e-02,-1.101643145882864883e-01,-1.210864596268479976e-01,-1.279118703728155393e-01,-1.006556462974656646e-01,-9.191008500087531619e-02,-7.777782117781111004e-02,-7.215047338470088889e-02,-7.838153208013443063e-02,-9.547899319409347552e-02,-8.946504544138664250e-02,-9.340142297476469735e-02,-1.151680029623954049e-01,-1.089381476788036096e-01,-1.035704532153485236e-01,-1.042406613351672395e-01,-9.636725807492359241e-02,-1.122333303697517215e-01,-1.243421670200330897e-01,-1.110050885975833457e-01,-9.790124704689968926e-02,-1.096823270376801190e-01,-1.049205823554664879e-01,-9.873014722799434983e-02,-1.121825353168824785e-01,-1.105456315195406380e-01,-8.013640810340258436e-02,-8.253410202585065303e-02,-1.031335250594278274e-01,-1.157833811158453519e-01,-1.264458454279729638e-01,-1.191114598668771285e-01,-1.122778626570392901e-01,-8.556946670734111304e-02,-8.889236935904429315e-02,-9.972309293580752798e-02,-1.224307696576731885e-01,-1.181076909243021777e-01,-9.702692541328455933e-02,-9.675673299244887116e-02,-1.066891828010773924e-01,-1.066722957747751610e-01,-1.141680761788679693e-01,-1.310420218759376365e-01,-1.202605039788682967e-01,-1.269401234801461054e-01
-8.750000223517417908e-02,-8.187500108033418655e-02,-1.104687501210719347e-01,-1.476171848480589688e-01,-1.569042935298057273e-01,-1.492260709237598348e-01,-1.373065154957657796e-01,-1.418266269367904897e-01,-9.545665632441568960e-02,-5.136416393209231046e-02,-6.284104079675856269e-02,-6.071025919336126009e-02,-5.767756431405257622e-02,-4.441939133928346495e-02,-3.860484768580925430e-02,-7.215121192145231011e-02,-1.080378028313514760e-01,-1.245094508568494740e-01,-1.136273622671775396e-01,-1.084068406413001978e-01,-1.046017107563714937e-01,-1.036504282851393316e-01,-8.341260904568868761e-02,-6.333560845379640480e-02,-7.126815145493697878e-02,-7.322765116960096299e-02,-7.449238182373416062e-02,-1.029648505927810431e-01,-1.122005773902358949e-01,-1.100996724844083841e-01,-9.517686235606932776e-02,-5.970120285376971647e-02,-5.904157982375489444e-02,-5.654236525571909588e-02,-6.764840111205122630e-02,-8.738913796859269778e-02,-6.778577910740496426e-02,-6.418157231529385276e-02,-6.076037756284036195e-02,-5.789391850848982224e-02,-7.506763787423567647e-02,-7.263585888185847272e-02,-7.946519730696764705e-02,-7.026587284656785060e-02,-7.785164901875560317e-02,-1.237445202699877511e-01,-1.238015934137398355e-01,-1.129852600223793246e-01,-1.232463138135019426e-01,-1.208115783043638702e-01,-1.052028938310329009e-01,-1.113007234205053153e-01,-7.782517973753923235e-02,-9.195629284822223748e-02,-1.229890709768813872e-01,-1.307472673716913170e-01,-1.351868159488531784e-01,-1.387967044342481304e-01,-9.469917476745752516e-02,-9.117479264878310119e-02,-9.279369752889643497e-02,-8.319842304111960130e-02,-9.829960449368120579e-02,-7.957490082539707410e-02,-7.989372386524476455e-02,-7.247343025850602749e-02,-6.061835801166134269e-02,-6.765458972643276225e-02,-6.941364765512561541e-02,-7.735341243532203870e-02,-9.433835422641759227e-02,-9.545958986045599559e-02
-7.999999914318323135e-02,-9.750000038184225559e-02,-8.187500206986442208e-02,-7.546875021944288164e-02,-1.063671860647446010e-01,-1.040917971122325980e-01,-9.602295143872652261e-02,-9.650573949880936198e-02,-6.162643683047974719e-02,-2.906609487016710916e-03,-1.572665203647805043e-02,-3.893166222680854993e-02,-4.973291466263246585e-02,-5.493322911269295228e-02,-7.373330873103645100e-02,-7.593332636319524709e-02,-9.648333218684526646e-02,-9.662083468583904100e-02,-9.915520792640170056e-02,-8.228880116203655948e-02,-7.807220133359042691e-02,-8.451805167450211764e-02,-6.612951191279714536e-02,-4.226700187229470718e-02,-5.305571846788961765e-02,-6.112973203913827508e-02,-8.767877472106730408e-02,-8.020072604880759681e-02,-7.128966643329966157e-02,-5.953888792275514874e-02,-4.132503506660244186e-02,-5.274027086079066673e-02,-3.840084342107162596e-02,-4.228708720318936735e-03,-2.353898468765429006e-02,-6.298433066197436925e-02,-8.578066436769613001e-02,-4.555196664810689383e-02,-4.178779194027312793e-02,-3.250653109021516690e-02,-2.813750365393244413e-02,-3.869851271067282356e-02,-5.357064111718093380e-02,-4.904551196517684813e-02,-3.931458282203013216e-02,-2.507896112956239237e-02,-4.017893911043214639e-02,-5.704576088274371237e-02,-3.426143977365109228e-02,-3.356535938461922830e-02,-4.589133900796448645e-02,-4.147283408143886269e-02,-6.036820740277262093e-02,-8.509205028607123855e-02,-1.187730127205294250e-01,-1.446932552662949234e-01,-1.461733113578821408e-01,-1.215433268708950576e-01,-9.788583253728763700e-02,-8.697145813432191619e-02,-1.017428646080862920e-01,-1.029357167480680207e-01,-9.073392866547637381e-02,-4.268348171933425417e-02,-2.817087050433936951e-02,-5.204271755157903467e-02,-5.051067901536572535e-02,-5.512766973521497638e-02,-3.128191704264825929e-02,-3.032047922340916357e-02,-5.508012014112841775e-02,-5.877003019360694386e-02
-4.999999888241291046e-02,-5.000000027939677238e-02,-8.000000275205820799e-02,-7.750000266241841018e-02,-6.437500059109879658e-02,-8.359374910469341557e-02,-9.839843787221980165e-02,-9.959961058564203995e-02,-1.148999006347537488e-01,-1.012249740038484447e-01,-6.530624353821501415e-02,-5.132656010224279086e-02,-4.283163935500844399e-02,-6.320790913094695429e-02,-5.830197772977157439e-02,-6.707549465596031324e-02,-6.926887388750749275e-02,-6.981721869539428416e-02,-7.245430437582534022e-02,-8.311357557241569327e-02,-9.077839419112715413e-02,-8.519459854778178853e-02,-9.129865179761381677e-02,-9.194330426629417075e-02,-8.717783243103829904e-02,-1.068902101383706060e-01,-1.159777793105964960e-01,-9.937998659453106676e-02,-1.010643970396153946e-01,-8.498901222338360595e-02,-3.956113313434045375e-02,-3.343634941875318900e-02,-5.156000489666903719e-02,-6.346169759128203469e-02,-3.672184770130542536e-02,-2.707553229561306118e-02,6.528628447878929986e-04,-1.193075251258341948e-02,1.131135784914859277e-02,1.471907040310593828e-02,-4.277209867207476535e-03,-5.099673551611168948e-03,-1.948530664227705184e-02,6.830597134475159191e-03,3.171999515643821044e-02,4.256646487988794553e-03,1.408605262733443955e-02,2.800051677996154981e-02,-5.499870991274127471e-03,-2.637496812034756041e-02,-1.593742141845599057e-03,1.460156412926247316e-02,-3.849609265707605588e-03,-4.096240235367980265e-02,-2.524060025314382380e-02,-3.881015073383821401e-02,-7.720254036566856493e-02,-9.430063620900422383e-02,-1.185751578601581674e-01,-1.271437896140511503e-01,-1.117859474780185935e-01,-9.294648727928658816e-02,-6.573662133553390130e-02,-5.393415589267702009e-02,-4.598353917806022317e-02,-3.899588464550344385e-02,-5.224897160841069504e-02,-6.306224271583815710e-02,-5.326555984076922212e-02,-3.831638940139876076e-02,-3.207909684743549816e-02,-2.551977382070339320e-02
-1.050000004470348358e-01,-1.237500002607703209e-01,-1.159374990966171026e-01,-1.089843729860149324e-01,-8.724609190539922565e-02,-8.431152297634980641e-02,-8.357788260673260083e-02,-7.839447169476443378e-02,-7.459861948831303380e-02,-5.864965397800858682e-02,-6.966241226515634821e-02,-6.241560206046070647e-02,-6.560389939752808708e-02,-6.140097384355364118e-02,-3.785024342363550731e-02,-5.446256078140307433e-02,-7.861563967381013374e-02,-9.215391155758026476e-02,-9.553847952852279057e-02,-1.238846213722468170e-01,-1.509711582487881232e-01,-1.252427880720809183e-01,-1.138106965709854007e-01,-1.172125285786670690e-01,-1.248011333476077012e-01,-9.740624869194056124e-02,-7.746326810202605606e-02,-1.019850165547967202e-01,-9.527223037933410521e-02,-1.050741696786262058e-01,-6.721367188869360743e-02,-7.644683929428071345e-02,-8.305880629058830233e-02,-6.503513319550989491e-02,-3.148717204258538738e-02,-9.666742009950671233e-03,-8.256929565198221216e-03,-2.048489663744220736e-03,2.072584558557861653e-02,3.901247290032951176e-02,-1.582027696754076049e-02,-3.733734997159624674e-02,9.388246978207467550e-03,3.428674382961890282e-02,-2.770062283178890278e-02,-7.252605033231458720e-02,3.643369401959868636e-03,7.280582331753479575e-02,3.820145538234886312e-02,-4.794963533484891682e-02,-4.198740909448255010e-02,-2.049685205010321962e-02,-4.762421206257677619e-02,-1.190605301564419405e-02,-1.047651355193427239e-02,-4.761912831347776126e-02,-4.690478129605847590e-02,-7.172619398291010806e-02,-1.004315480486926981e-01,-9.760788865130090586e-02,-9.940197141776717371e-02,-9.985049210938373720e-02,-1.199626236978981880e-01,-1.049906570420616331e-01,-9.874766589964313612e-02,-9.468691863557915367e-02,-8.617173059021736303e-02,-7.654293234953112035e-02,-1.091357310757260224e-01,-1.047839315023328111e-01,-8.119598257755997195e-02,-8.654899486207903725e-02
-1.174999978393316269e-01,-1.218750006519258022e-01,-1.429687509080395103e-01,-1.132421883230563253e-01,-1.058105476768105291e-01,-1.089526346095226472e-01,-7.223815857787485584e-02,-6.555953904842226621e-02,-8.638988412880621581e-02,-5.659747024989059128e-02,-3.664936752521974483e-02,-5.666234314790363769e-02,-7.416558723983912582e-02,-5.604139597176946430e-02,-4.901034821063140340e-02,-6.725258582331204715e-02,-6.181314544999962773e-02,-7.295328554293603607e-02,-1.032383204171585384e-01,-1.358095795082431834e-01,-1.614523962181653172e-01,-1.203630991290471353e-01,-9.759077560182564948e-02,-9.166780891834734601e-02,-1.143690385739481452e-01,-8.069715557794958360e-02,-4.590623803014852455e-02,-1.159790325340511741e-01,-1.613163617297232455e-01,-1.545919432502046442e-01,-1.321420341546598876e-01,-1.028906974895612281e-01,-8.067471282441954217e-02,-6.297321740974867743e-02,-6.890211471465697290e-02,-7.587780019528535258e-02,-1.861780732469476077e-02,1.365581900882927545e-03,-1.548895556454653495e-02,-1.298122559667824402e-02,-5.048214198321401835e-02,-1.081993177562214359e-01,-9.727131794861536285e-02,-1.423565475433836644e-02,2.510074761189577328e-02,2.039038355568438196e-02,-2.125937220846765147e-02,-2.205640941211371026e-02,1.448589719993673662e-02,-1.378525588257106891e-03,-2.284463135981137233e-02,-4.821115828698768063e-02,-3.205279005603466069e-02,-8.013197514008672112e-03,-4.700329837267379351e-02,1.324917484803800338e-02,-2.668770561743824543e-02,-6.417192558479570264e-02,-6.354298173147504558e-02,-5.588574547012166438e-02,-6.397143524994332309e-02,-8.849285672632326016e-02,-1.146232116483834051e-01,-1.086558029866016573e-01,-1.096639502996155785e-01,-1.174159855632471300e-01,-1.118539959437769432e-01,-1.379634983898977707e-01,-1.519908780247415103e-01,-1.179977195806911905e-01,-1.069994304912192384e-01,-1.111248567846145063e-01
-9.499999973922967911e-02,-8.124999911524355412e-02,-9.531249903375282884e-02,-8.382812341733369976e-02,-7.595702962498762645e-02,-7.398925710822368274e-02,-9.099731591618365201e-02,-8.274933043190912940e-02,-6.068733171390761072e-02,-5.767183337551173850e-02,-8.191796102608694952e-02,-9.047949241719011049e-02,-9.011987392386139328e-02,-7.252996829470083340e-02,-7.313249177565198100e-02,-8.828312324193621219e-02,-8.207077946937954560e-02,-9.551769412228683365e-02,-1.163794247226646039e-01,-1.140948570747358226e-01,-1.360237123315330143e-01,-1.215059265927671411e-01,-1.403764810521453410e-01,-1.595712012638412225e-01,-1.481542402652343826e-01,-1.297970302812119781e-01,-8.365597670058062818e-02,-1.032675227641553922e-01,-1.281760209828488872e-01,-1.320635309822825731e-01,-1.492691581698126768e-01,-1.293397159688638443e-01,-1.135800905851763187e-01,-1.217660898424248322e-01,-1.103624700123335134e-01,-8.422007594541373876e-02,-5.698354983773247506e-02,-1.498202112055424876e-02,-6.999576806211621482e-02,-1.282713496292237076e-01,-7.801889835806199991e-02,-7.979012798272448748e-02,-6.176471467068513077e-02,-5.478304563773354896e-02,-6.065644494894316396e-02,-5.979793189019752542e-02,-3.100935566686290751e-02,6.162310458067310481e-03,3.654057683220586494e-02,8.663514666674307363e-02,1.866587913605515792e-01,7.916469664804501316e-02,-1.770882546545972380e-02,1.305727952727628038e-01,3.226432053747015916e-01,3.006608076021630716e-01,1.651651998888840067e-01,6.129129952518616586e-02,9.532282309315720514e-02,8.688307045811963780e-01,1.777207678529484802e+00,8.618019163541157379e-01,3.179504819197495613e-01,1.719876216720302997e-01,2.504969012456824684e-01,4.851242098142130033e-01,4.712810502183790717e-01,1.878202628526179918e-01,2.945506563864869198e-02,-5.013623463341911057e-02,-8.753405977594186371e-02,-1.056335135376883783e-01
1.000000033527612686e-01,-4.499999945983290672e-02,-8.374999777879565954e-02,-1.034374971350189298e-01,-8.335937532683601603e-02,-8.833984651391801890e-02,-8.708496296958401217e-02,-7.927123992283213738e-02,-6.981780979444351942e-02,-7.245445215058765598e-02,-9.811361311215271996e-02,-1.020284020114394785e-01,-7.300710083813599649e-02,-5.825177524678690211e-02,-6.956294351367349471e-02,-9.239073699600545975e-02,-8.559768518032394302e-02,-6.389942174211582504e-02,-8.347485439244767269e-02,-1.008687108786500003e-01,-8.021717742163927967e-02,-8.755429517497367864e-02,-8.938857275066214303e-02,-1.230714714969630974e-01,-1.025120382633789295e-01,-7.301914178460797156e-02,-1.413774905928223413e-01,-1.223034850837848991e-01,-1.111418248981749790e-01,-9.402530682013721108e-02,-8.223608146589569956e-02,-9.902782182018352031e-02,-1.082089007897188149e-01,-9.570686204987292889e-02,-6.319322824169577857e-02,-6.070463828665360884e-02,-6.996797421927836158e-02,-4.240773344873285944e-02,-3.217221448778832121e-02,-5.172563257306746209e-02,-6.136744494236988368e-02,-3.679722367474804606e-02,-2.905406583255621539e-02,-1.684737173879169783e-02,-2.726933259060984951e-02,-1.881561920769526941e-03,8.940020396169834349e-02,1.586742815719465738e-01,1.846685699459518215e-01,3.011671451686969703e-01,4.027917980640915996e-01,3.556979521982319703e-01,4.739244859633954254e-01,7.134811053975946837e-01,1.005870258318993571e+00,5.114675624935858256e-01,4.903668801925836207e-01,5.450917194520994435e-01,8.362729328432570997e-01,5.765682254622104264e-01,4.016420566635758305e-01,3.829105129738010760e-01,3.682276291375199406e-01,5.045569013239155076e-01,5.661392154962124890e-01,5.790348187752143438e-01,1.074758741648683458e+00,1.186189704485657082e+00,7.540474219490891361e-01,6.660118545932025569e-01,3.615029602210335646e-01,2.153757423835648277e-01
1.094999991357326508e+00,1.153750007972121239e+00,1.045937494840472937e+00,9.739843871211633086e-01,3.284960995370056480e-01,7.712402406468754634e-02,-4.321899491515068803e-02,-4.830474928758121678e-02,-5.457618776893014001e-02,-6.614404716574995291e-02,-6.903601201495490614e-02,-7.475900404682001010e-02,-8.618975369391401742e-02,-9.404744006260623568e-02,-8.851185949411091713e-02,-6.212796397945805765e-02,-7.553198965376001217e-02,-7.138299670563484634e-02,-6.284574910190290908e-02,-8.071143675393507855e-02,-8.517785959826570941e-02,-5.879446406137610326e-02,-5.219861657413756711e-02,-8.333139442154000043e-02,-7.258751975434082904e-02,-2.081856852994811574e-02,-5.976628380342267552e-03,-5.858881569811812129e-03,-1.708416039668250036e-02,-1.968717875910048348e-02,-5.575974409051847117e-03,-9.455575708428549248e-03,-1.624598996903238793e-02,-3.596109111568550516e-03,-2.473490430684443034e-03,2.267715724490195709e-03,8.152785063331849380e-03,-7.931056361509977032e-03,1.171409403007821551e-03,2.492863551458259636e-02,5.967748949131717814e-03,1.616389715154999129e-02,4.986834535618631103e-02,1.409680119310817957e-02,3.994101961740604417e-02,1.832829320934632467e-01,1.445959489359761041e-01,2.900797356743193278e-01,6.750199479256714374e-01,6.412549834051390896e-01,8.053137416789595271e-01,6.413284404861346877e-01,5.778321142938588340e-01,7.594580381102078448e-01,6.023645221935389760e-01,3.280911251839667142e-01,2.845227781667478140e-01,2.236306981179656539e-01,1.634076763176307567e-01,1.433519181853380176e-01,8.833798163249706459e-02,-3.541550656627959204e-02,-6.135387686508732286e-02,-3.783847011034151275e-02,3.554038053526366314e-02,-2.111490419563183049e-02,1.497212788684752494e-01,5.449303274657225638e-01,6.937325791842214873e-01,4.209331546308217598e-01,3.252332949161931275e-01,4.650583209723334610e-01
