nan,nan,nan,nan,nan,nan,nan,nan,nan,nan,nan,nan,nan,nan,nan,nan,nan,nan,nan,nan,nan,nan,nan,nan,nan,nan,nan,nan,nan,nan,nan,nan,nan,nan,nan,nan,nan,nan,nan,nan,nan,nan,nan,nan,nan,nan,nan,nan,nan,nan,nan,nan,nan,nan,nan,nan,nan,nan,nan,nan,nan,nan,nan,nan,nan,nan,nan,nan,nan,nan,nan,nan
nan,nan,nan,nan,nan,nan,nan,nan,nan,nan,nan,nan,nan,nan,nan,nan,nan,nan,nan,nan,nan,nan,nan,nan,nan,nan,nan,nan,nan,nan,nan,nan,nan,nan,nan,nan,nan,nan,nan,nan,nan,nan,nan,nan,nan,nan,nan,nan,nan,nan,nan,nan,nan,nan,nan,nan,nan,nan,nan,nan,nan,nan,nan,nan,nan,nan,nan,nan,nan,nan,nan,nan
nan,nan,nan,nan,nan,nan,nan,nan,nan,nan,nan,nan,nan,nan,nan,nan,nan,nan,nan,nan,nan,nan,nan,nan,nan,nan,nan,nan,nan,nan,nan,nan,nan,nan,nan,nan,nan,nan,nan,nan,nan,nan,nan,nan,nan,nan,nan,nan,nan,nan,nan,nan,nan,nan,nan,nan,nan,nan,nan,nan,nan,nan,nan,nan,nan,nan,nan,nan,nan,nan,nan,nan
nan,nan,nan,nan,nan,nan,nan,nan,nan,nan,nan,nan,nan,nan,nan,nan,nan,nan,nan,nan,nan,nan,nan,nan,nan,nan,nan,nan,nan,nan,nan,nan,nan,nan,nan,nan,nan,nan,nan,nan,nan,nan,nan,nan,nan,nan,nan,nan,nan,nan,nan,nan,nan,nan,nan,nan,nan,nan,nan,nan,nan,nan,nan,nan,nan,nan,nan,nan,nan,nan,nan,nan
nan,nan,nan,nan,nan,nan,nan,nan,nan,nan,nan,nan,nan,nan,nan,nan,nan,nan,nan,nan,nan,nan,nan,nan,nan,nan,nan,nan,nan,nan,nan,nan,nan,nan,nan,nan,nan,nan,nan,nan,nan,nan,nan,nan,nan,nan,nan,nan,nan,nan,nan,nan,nan,nan,nan,nan,nan,nan,nan,nan,nan,nan,nan,nan,nan,nan,nan,nan,nan,nan,nan,nan
nan,nan,nan,nan,nan,nan,nan,nan,nan,nan,nan,nan,nan,nan,nan,nan,nan,nan,nan,nan,nan,nan,nan,nan,nan,nan,nan,nan,nan,nan,nan,nan,nan,nan,nan,nan,nan,nan,nan,nan,nan,nan,nan,nan,nan,nan,nan,nan,nan,nan,nan,nan,nan,nan,nan,nan,nan,nan,nan,nan,nan,nan,nan,nan,nan,nan,nan,nan,nan,nan,nan,nan
nan,nan,nan,nan,nan,nan,nan,nan,nan,nan,nan,nan,nan,nan,nan,nan,nan,nan,nan,nan,nan,nan,nan,nan,nan,nan,nan,nan,nan,nan,nan,nan,nan,nan,nan,nan,nan,nan,nan,nan,nan,nan,nan,nan,nan,nan,nan,nan,nan,nan,nan,nan,nan,nan,nan,nan,nan,nan,nan,nan,nan,nan,nan,nan,nan,nan,nan,nan,nan,nan,nan,nan
nan,nan,nan,nan,nan,nan,nan,nan,nan,nan,nan,nan,nan,nan,nan,nan,nan,nan,nan,nan,nan,nan,nan,nan,nan,nan,nan,nan,nan,nan,nan,nan,nan,nan,nan,nan,nan,nan,nan,nan,nan,nan,nan,nan,nan,nan,nan,nan,nan,nan,nan,nan,nan,nan,nan,nan,nan,nan,nan,nan,nan,nan,nan,nan,nan,nan,nan,nan,nan,nan,nan,nan
1.026191044365987182e-02,1.254782312025781721e-02,2.823392592472373508e-02,2.092881503540411359e-02,6.669908832463995307e-04,9.126467632029289234e-03,2.662097476466840362e-02,1.290880306634889507e-02,-1.120494032508734597e-02,-3.579041898773761138e-02,8.001772042918575689e-03,1.575086156572112761e-02,2.363703232890667846e-02,2.505646743969694445e-02,7.952764747936669210e-02,1.607996526320754072e-01,9.799290642042901567e-02,9.473026592259592427e-02,1.047526021766786442e-01,9.285724882034894490e-02,2.713565486948548919e-02,2.827874327893271922e-02,4.755568071006539832e-02,4.186495005786121382e-02,4.215568672791049354e-02,4.492930973861347654e-02,4.352127830260428543e-02,4.814704431860007683e-02,4.315126854620465746e-02,5.221151322981240628e-02,4.777802746956676810e-02,4.364929775760852115e-02,2.447421024334004228e-02,3.455924222889435876e-02,6.522804959372405231e-02,6.207013804156513020e-02,7.301714067270093089e-02,8.412084677470160754e-02,6.364034708875525304e-02,2.719450983290401525e-02,5.263937185303502186e-02,1.609763622928692128e-02,-8.394856472911729761e-04,1.255615981641592348e-02,6.591883533255055161e-02,1.217597803301011250e-01,9.835352576837921856e-02,6.752512374785041294e-02,8.438128361917161813e-02,9.859532150083935576e-02,1.221488267989311594e-01,1.230372041665353799e-01,1.207593008926222400e-01,1.151898251859026501e-01,7.629745570042921476e-02,6.907436373884279224e-02,6.976859115822811597e-02,7.744214924242023845e-02,6.186053682631731387e-02,4.296513452322900384e-02,2.324128335141047857e-02,2.081032050257649105e-02,1.270257995800605846e-02,2.817564443070796898e-02,2.954391060476280195e-02,1.238597753943199153e-02,5.596494328978643407e-03,1.399123582244660852e-03,-2.150219048559482045e-03,1.946244479082528955e-02,3.236561104869471045e-02,4.565688052210025577e-02
2.357182232663035393e-02,2.870889368932694197e-02,3.856785592506639659e-02,3.094329684245167300e-02,2.548183889757638099e-02,4.734300218160569784e-03,-1.889557353194959433e-03,5.629930846865249805e-03,2.804132228835243268e-03,-2.476674363619491004e-02,-2.153002947719495630e-02,-1.058034531809786891e-02,2.736837415946080307e-04,9.345126729435042356e-03,5.924742795060732731e-02,3.314966786536241439e-02,2.124798457109099842e-02,2.573460380306633044e-02,1.750047404259019029e-02,-5.323599513258232829e-04,-1.345406231590573487e-02,-4.857816305311929428e-03,-8.732605586579472116e-04,1.398557718259267439e-02,5.420479438121659360e-02,5.536745972662057008e-02,4.881042642451546149e-02,6.224572665506904884e-02,4.732703884942905670e-02,4.479101417090390613e-02,3.958867333239787789e-02,2.517182131150482588e-02,1.068554011369525839e-02,3.380271497464373831e-02,5.978023187094974600e-02,6.968602705939125341e-02,5.764196203138309549e-02,4.529721137381066687e-02,3.097302707904694974e-02,2.809700227961238472e-03,3.712718390106789501e-02,2.793875584889111974e-02,4.586121455179299061e-03,4.221978094809915316e-02,1.293708320250949728e-01,9.317926716781758933e-02,9.044205171236670282e-02,4.121988210173764544e-02,3.780497037642280289e-02,6.195124281762311863e-02,6.798781092792319236e-02,8.199695221044016324e-02,1.104992360409532831e-01,1.226248078181454287e-01,1.244062019545363607e-01,8.360154978082892652e-02,4.090038699817239581e-02,3.772509613487019797e-02,4.693127459251109079e-02,5.673282043626711596e-02,4.183205332584196898e-03,-2.645419805218105283e-02,-2.411354912188978100e-02,-1.602838705695502908e-02,-1.900709642896263041e-02,-1.475177388372323969e-02,-6.187943415051455447e-03,-6.546985742004155125e-03,3.363253452740252482e-03,1.334081308378829052e-02,1.583520299155029981e-02,2.485175599426903484e-02
-3.757972735911607742e-04,-4.041175998281687498e-03,1.876383801572956362e-03,4.128093660256127763e-03,8.355041072718458542e-04,-1.560183621381838748e-02,-1.539133368618195163e-02,-2.393388470167678861e-03,-8.408635692088495261e-03,-3.328372254627165461e-02,-4.530873823825820601e-02,-4.737762064651723781e-02,-4.915146455396234015e-02,-3.179738675301030382e-02,-9.749273781341202816e-03,6.765454279601854862e-04,-1.058559722224324158e-02,-2.493808289746306597e-02,-3.312116736019617147e-02,-3.309424842110515741e-02,-2.835969316390961684e-02,-2.842442287735097092e-02,7.205533872713761577e-03,3.835546297099940577e-02,5.697066354817835465e-02,6.758924485014550232e-02,6.859748043310312515e-02,7.497561717453515850e-02,5.902116464928516826e-02,4.763646446753475039e-02,5.096839653474324189e-02,3.153491789977310583e-02,4.726208808224791752e-03,4.025045225078895117e-02,5.301732523753005522e-02,4.490870784599025611e-02,5.076622727234770399e-02,5.631877516140443296e-02,4.061907841061528079e-02,2.234226868995769708e-02,1.511403284337214936e-02,-9.910663108285906395e-03,-4.473670047776317354e-02,-4.545993552793169135e-02,-9.996463100585106787e-03,3.385817433633586671e-02,5.374921715567057556e-02,6.154407990800724731e-02,3.288601958584633222e-02,6.072150605130157558e-02,1.101803790460227916e-01,8.254509353215989942e-02,8.813627420260383705e-02,1.495340698917554667e-01,1.623835137476485613e-01,8.559587743108376667e-02,3.514896905043449205e-02,1.378724215084991406e-02,-1.655318901525268394e-02,-4.413829635974349241e-02,-4.103457341938361591e-02,-3.275864285193171022e-02,-2.068966043358615517e-02,-3.017241454960299316e-02,-3.004310313448655886e-02,-1.501077561598357715e-02,-2.125269397850169939e-02,-3.031317386715445469e-02,-2.578293578547322627e-03,9.355426381845751219e-03,2.338856595461437805e-03,4.907648304675692576e-04
-7.992096710950136185e-03,2.825645066332072020e-02,4.134948897990398109e-02,1.502993882604641840e-02,-1.432164270045177545e-02,-1.436562292792586959e-02,-3.484139083082027355e-02,-2.680507291606205184e-02,-1.606205056545917387e-02,-3.219247271105096786e-02,-1.681024939004194252e-02,7.355836722543808784e-03,1.932138380117490520e-02,7.224822855758850602e-03,1.181618088651899615e-02,1.692974850955615736e-03,3.035120244707241802e-02,3.813131432424132078e-02,7.499001453171532348e-03,-1.253536634647588709e-02,-1.426005552647943361e-02,2.763076678071331449e-03,3.224728698659785203e-02,2.053140819725604582e-02,2.244749564840697181e-02,4.958696824539278458e-02,7.282081938591741799e-02,6.063129367134755671e-02,5.413960243066595623e-02,4.132787218888711589e-02,4.628160802324640666e-02,3.616122627084460833e-02,4.039060162709406931e-02,4.758975358296496649e-02,3.082322674241926019e-02,5.287502233497119730e-02,3.083680731383914297e-02,7.023951441864059730e-03,3.348939095923550435e-02,-6.243631399193219633e-04,-2.147245216572082893e-02,-9.477496427524330358e-03,-3.839848924205512340e-03,5.164091967101939323e-03,2.928306849861046779e-02,5.394781366503214465e-02,5.753823366144293627e-02,4.725517424786834786e-02,3.431379305905289667e-02,-8.921551344081292759e-03,4.701009296555189176e-03,3.753804655203692164e-02,3.938451189877954783e-02,2.734612758353940562e-02,4.683653193313774832e-02,6.920913356070443334e-02,2.980228311077933595e-02,-4.942905466710258156e-05,-3.626235715190806452e-02,-7.406558923209766165e-02,-2.101639725214506094e-02,-2.754099368915619711e-03,-1.068852461871148615e-02,-2.267213070764303659e-02,-4.566803178284108838e-02,-5.641700693988189325e-02,-2.660425145557369919e-02,-9.151062808014070321e-03,2.712234186237773466e-03,-6.821941285802492552e-03,-1.920548493029514137e-02,-1.179939529855261043e-02
2.322986023500561714e-02,2.196124428883194923e-02,1.168947143014520407e-02,1.355246556340716779e-02,5.849998233316000551e-03,4.136144596486702497e-03,3.634314388818893349e-03,8.816871177600660303e-03,1.284604000747435748e-02,-4.974295576381848605e-03,-2.984638819594387371e-02,-2.625921957691312869e-02,8.896898868183789055e-03,1.604515370416156883e-02,-9.118271850825566960e-03,-1.860520472955733834e-02,-3.006120269703872749e-02,-3.016423867446185736e-02,-2.392194153249267707e-03,-1.542761756886541942e-02,-2.405231451344862562e-02,-1.456174488577339707e-02,1.257553731224662560e-02,5.773441315894754094e-02,6.523726649881757267e-02,8.570424223393538488e-02,9.525221525244498277e-02,1.337854674424047152e-01,1.554127269974677483e-01,9.619168121346158284e-02,7.005456817330996122e-02,6.627569529459396980e-02,6.726846889417747999e-02,5.027023280577766484e-02,7.652582650953053400e-03,4.378608553542492204e-04,2.234745191756232208e-03,-4.674926507790303637e-02,-4.525218372126275229e-02,-3.985531727989478218e-02,-3.123710469161461445e-02,-1.261622360163676404e-02,4.814540282354385498e-03,-2.607103500876187599e-02,-2.711427134551942092e-02,1.909283637745097517e-02,5.958410202818401752e-03,1.635159697367680187e-02,5.783789827484372287e-02,1.044594744196993275e-01,1.811148679343725920e-01,1.227787157169944465e-01,7.502614524270014018e-02,4.491946847191680137e-02,3.372986661506501005e-02,2.968246617879173599e-02,4.492061663783018799e-02,5.373015507215367359e-02,-1.406746108294996793e-02,-4.101686582953104065e-02,-4.025421671815308106e-02,-1.756355401190020510e-02,-1.689088868923956793e-02,-4.172272226544215118e-02,-1.793068039872247610e-02,-1.198266993204255559e-02,-1.299566725949322099e-02,-1.824891647959717839e-02,-1.456222889638187669e-02,1.359442664145821874e-03,1.033986044251903810e-02,8.392430169381164679e-03
3.940429328940809467e-02,4.000228829681875056e-03,2.098954783286899328e-02,4.289435487589798868e-02,6.336127604299690574e-03,-9.559902080582105555e-03,-6.840174714398017386e-03,3.239621462432751287e-02,5.818628207347842363e-02,2.680520309260003842e-02,-3.049006531634644232e-03,9.560510554661671989e-03,5.229459852290729849e-03,-9.587110541683291354e-03,-2.111174202522184476e-02,-2.330707954009508809e-02,-9.248110371989845535e-03,-1.053069063913395984e-02,-2.304042665633452766e-02,1.066091336689170901e-02,1.094315416561607995e-01,1.092829441514373973e-01,1.026564100257247869e-01,1.382210592148624406e-01,1.046687057792624470e-01,8.256480262129209380e-02,8.488167118392561661e-02,5.703255777275109684e-02,6.136527438887840608e-02,9.365115446331323534e-02,5.988583374143198468e-02,6.261397883139689646e-02,2.590154293885489276e-02,1.934757839412902872e-02,8.430413703655569024e-04,-1.635405193578364294e-02,-1.781472739654571188e-02,-1.968906805590488196e-02,1.368836768156047462e-03,-7.319664282678128332e-03,-5.600598400410974897e-02,-7.410298553749165851e-02,-3.170443299572726914e-02,-1.972775839669160119e-03,2.618137763713137417e-03,3.394661471664268265e-02,4.008101858302792059e-02,4.929848713826348594e-02,4.843571444514196966e-02,3.144549400896529817e-02,3.070394301176244956e-02,3.490360960677309221e-02,3.858971396539370713e-02,2.937505251281897350e-02,9.843763072325388899e-03,1.746094043280521993e-02,5.186523451215485636e-02,7.546630816237742678e-02,3.886657659355952088e-02,2.721664375723439888e-02,1.680416071579118181e-02,6.701040588729728284e-03,3.417526035207339719e-02,3.104381458510415553e-02,3.276095308748248891e-02,3.069023776895643194e-02,2.017255916284233647e-02,2.004313945543445552e-02,1.251078469622055045e-02,2.312769572702030180e-02,2.328192354059959585e-02,3.067155387222579577e-02
-1.274530123919248754e-02,-2.637881389819085598e-02,-4.108932794770225883e-02,-3.380773226672317833e-02,-1.286303231245256029e-02,-1.940992003710562130e-02,-3.651636849258466100e-02,-9.069030897421743315e-04,1.919314410123717715e-02,2.695191548102827440e-03,-1.302802937829649829e-02,-5.468430976098814789e-02,-1.739542244629571632e-02,-3.903093576122450281e-02,-5.475491475236696215e-02,-3.585915943588387222e-02,-8.719286243383018303e-03,-1.394072508321799950e-02,-2.894339421268949525e-02,-3.885026343508722613e-02,-6.657616403808599287e-03,-1.075272568988561855e-02,1.905711104738772033e-02,1.053819087710991531e-02,3.683611943713580028e-02,2.771424829808810664e-02,3.179746016822243559e-02,7.363077040752268043e-02,9.701318613251173895e-02,7.380053993081082953e-02,2.092861322627720747e-02,1.373540524844392430e-02,6.322607345027698306e-03,2.226108995221691075e-02,2.691284737771410668e-02,-3.704573637051965240e-02,-1.748517913322544456e-02,-7.252293022992628568e-04,1.724629056782716469e-02,6.138570953983053455e-03,1.181356012189834978e-02,-1.462673056097216900e-02,-5.902441766041982910e-03,1.455758498331445779e-02,7.932632819328162832e-04,-1.601914876064873539e-02,1.380260288501476869e-02,-1.922863908165520219e-02,-2.730716019882218487e-02,3.173209726777035875e-03,3.204330243169425940e-02,5.551082594319969171e-02,6.137770775239862614e-02,1.653444328985641532e-01,1.913361141851055158e-01,7.283402891880541574e-02,7.320850786300070467e-02,3.080212668635340378e-02,2.520053174609415692e-02,2.630013342081127803e-02,1.407503365322604338e-02,4.101875850643876831e-02,2.775468970111549805e-02,5.193867235077306854e-02,6.798466685834746170e-02,7.199616641656364502e-02,7.549904218156090752e-02,3.887476009835538759e-02,2.221868974519207451e-02,1.555467221278060072e-02,2.138866766203966971e-02,1.716084127043566651e-02
-1.249999972060322762e-02,4.374999436549842358e-03,-4.140625058789737523e-02,-7.035156316851498559e-02,-9.508789138817519415e-02,-9.627197262352638063e-02,-7.656799337939901307e-02,-4.914199860562007416e-02,2.145000691982090757e-04,5.053624905540843315e-03,-1.236593717735434694e-03,-1.030914820591644077e-02,-1.757728671620298333e-02,-2.189432128789526449e-02,-3.297358017296220245e-02,-5.574339630983925209e-02,-7.643585094010496572e-02,-7.410896243700301755e-02,-8.352724008771011954e-02,-7.838181059934752615e-02,-6.459545164400849748e-02,-9.114886123462150047e-02,-5.778721452634440897e-02,-3.017948128501799637e-02,-2.173038369099355299e-02,4.724560812910257382e-03,3.099576908742384534e-02,2.566375219312797603e-03,-2.089179025717704044e-03,4.804553371449776789e-03,-8.938447828272862161e-03,-3.297305742158986031e-02,-2.386446362797045931e-02,-2.545305637286013334e-02,-4.822655654888825111e-02,-5.678527960415054310e-02,-2.568386720924419747e-02,-1.748376159143557110e-03,-3.911929358871581858e-02,-2.424021778896898877e-02,-1.364479206103943500e-02,-2.314156571303522397e-02,-2.389712049135246999e-02,-1.996309816481838667e-02,-3.895448274821582124e-02,-5.957841811679437383e-02,-3.947841244278509076e-02,-1.322248265727897151e-02,-5.805620608440387534e-03,-2.145140470507525890e-02,-4.286285080373979095e-02,-5.821571257054979076e-02,-2.480368223265248025e-03,3.527028229962926933e-03,3.088175638693847758e-02,5.272043902222880996e-02,6.818011038885654629e-02,3.454502720605865523e-02,1.613625663387659864e-02,-2.096593528273730384e-02,-3.024148326189077945e-02,-2.256037048019656627e-02,-6.400927318078539902e-04,2.983997614649577801e-02,1.995999422288845943e-02,3.248999887237179196e-02,2.312249938281682113e-02,2.328062445454872481e-02,8.201562253958901566e-04,-1.229496112991554195e-02,-3.057374059912856129e-02,-1.576843496817424001e-02
-8.999999985098838806e-02,-9.249999839812517166e-02,-1.131249975878745317e-01,-1.132812484283931553e-01,-1.058203127031447366e-01,-1.039550787718326319e-01,-9.348877237516717287e-02,-7.587219471429307305e-02,-4.146804817565907797e-02,-3.536701148512122472e-02,-3.384175231248676141e-02,-2.346043774284556349e-02,-2.336510904455590953e-02,-3.334127711212736545e-02,-5.583532054463054284e-02,-1.039588337124363049e-01,-1.559897111103180634e-01,-1.389974255424053506e-01,-1.022493553425200541e-01,-1.105623378670545498e-01,-1.101405840197288155e-01,-9.253514734603671132e-02,-8.813378631496854299e-02,-9.563133410966502546e-02,-8.747020250150587539e-02,-6.442713336544490799e-02,-3.409770717725717909e-02,-6.559219048061877208e-03,-2.051129374296439475e-02,-5.399376199491563721e-02,-4.782769118646219841e-02,-2.700279987702626852e-02,-5.403110468598668753e-02,-8.164643889718370406e-02,-8.261162327243168346e-02,-6.071329933035690685e-02,-8.790610189643582872e-02,-1.404192676281111607e-01,-9.765326058206899584e-02,3.377838662431156824e-02,1.912177955884871994e-01,-1.676391423297082101e-02,-6.019084431368151161e-02,-7.284656049717971871e-02,-1.063135356503464440e-01,-1.018560979713434428e-01,-8.522371771309361632e-02,-8.163315013640519424e-02,-7.540828909872322738e-02,-4.885207160412854965e-02,-1.971301726773278667e-02,1.757174611147518939e-02,-2.060706291333765788e-02,-5.515176461074732667e-02,-4.378794048213457968e-02,-1.344698459899300313e-02,2.913825405514271216e-02,-2.154363185762585287e-04,-1.505385874436793864e-02,-3.876346390378102025e-02,-4.219086524951363992e-02,-3.054771586534357070e-02,-2.763692851930105165e-02,2.559076760940441619e-02,2.639769238663884632e-02,-1.840057634454674018e-02,-5.710014430965409948e-02,-7.927503741851803232e-02,-8.481875883308886976e-02,-9.120469000629544132e-02,-8.280117116046935288e-02,-8.320029185879476707e-02
-1.324999965727329254e-01,-1.481249975040555000e-01,-1.470312487799674273e-01,-1.492578092147596180e-01,-1.373144500685157254e-01,-1.393286129641637672e-01,-1.298321539115931955e-01,-1.074580395954853884e-01,-8.936451083019392172e-02,-6.234112774480138341e-02,-4.808528120976873765e-02,-3.952132108475314709e-02,-7.738033295339730167e-02,-9.184508487747705674e-02,-1.054612707723344422e-01,-1.088653172460487817e-01,-1.122163283429367248e-01,-1.155540805956180722e-01,-1.238885189568116330e-01,-1.340246340998787200e-01,-9.711117089710580297e-02,-8.677779272427645074e-02,-1.041944477340342873e-01,-1.109715905880123837e-01,-1.100959810638226510e-01,-9.307908348798249465e-02,-6.871433995678895290e-02,-4.442857036370752299e-02,-6.967363464181303145e-02,-8.297438350157111675e-02,-8.646951659728133177e-02,-8.308884698701163307e-02,-9.670608540016477350e-02,-1.220451874028594952e-01,-1.181209641816951816e-01,-1.313135911554778046e-01,-1.326307800792327629e-01,-1.254554110860494620e-01,-1.017718934291518690e-01,-1.093997979728856818e-01,-1.148949308834592287e-01,-1.169542364438901361e-01,-1.039218993773194655e-01,-9.939812724267771404e-02,-1.174251712969822947e-01,-1.261253574890862650e-01,-1.122797800700607584e-01,-1.078494209448681018e-01,-1.144623537461009199e-01,-1.236155853817871852e-01,-1.259038951533539008e-01,-1.239759749804313638e-01,-9.599399508621234145e-02,-8.649849877155307842e-02,-8.412462655553341884e-02,-6.853115697415948504e-02,-5.713278928079277424e-02,-6.678319754371561667e-02,-9.169580050351600065e-02,-1.204239502748906121e-01,-1.351059898784026381e-01,-1.137764956814613232e-01,-9.844412235574340198e-02,-1.021110293223371490e-01,-8.552775785212493598e-02,-9.138193976105446481e-02,-9.034548389718233263e-02,-1.100863694841794638e-01,-1.150215908809287535e-01,-8.875539917309541171e-02,-7.968884897370998033e-02,-1.080472110885875026e-01
-1.625000014901161194e-01,-1.681250017136335373e-01,-1.670312504284083843e-01,-1.592578123090788722e-01,-1.498144562065135688e-01,-1.474536134555819444e-01,-1.493634003836632473e-01,-1.298408475627184089e-01,-1.249602130827724977e-01,-1.212400559156492363e-01,-7.781001338286586133e-02,-7.945250386725710712e-02,-9.736312656286072453e-02,-1.068407811936803453e-01,-1.067101953729258923e-01,-9.167754925301341284e-02,-7.541938753677077112e-02,-9.385484800177978926e-02,-1.084637110318694697e-01,-1.171159276089557555e-01,-1.347711760854097274e-01,-1.121771858149610973e-01,-1.080442965282460838e-01,-9.795037471387438299e-02,-8.479374600731742762e-02,-7.715201925060007071e-02,-7.889239813094549303e-02,-9.402019238771303078e-02,-1.124538716085287521e-01,-1.001495144369088791e-01,-9.011606366937069401e-02,-1.058334919102606742e-01,-1.251809053691133045e-01,-1.243133800246294385e-01,-1.304038975888981433e-01,-1.443278470201913022e-01,-1.346655743460760390e-01,-1.292929899479177136e-01,-1.025297480768269931e-01,-1.204136364893691469e-01,-1.202688491154853823e-01,-1.308620566082284997e-01,-1.393661087739538618e-01,-1.422163964805024661e-01,-1.323106393589828789e-01,-1.244472552183830405e-01,-1.381049078912428008e-01,-1.548010948352737115e-01,-1.512002744538764876e-01,-1.228000676448936512e-01,-1.182000154211073073e-01,-1.145500028867013631e-01,-1.286374984865011617e-01,-1.571593746216252974e-01,-1.717898476787198259e-01,-1.529474631862786649e-01,-1.232368666906393379e-01,-1.358092171196946807e-01,-1.439523036838772363e-01,-1.509880742818415778e-01,-1.402470176763907228e-01,-1.300617513643596290e-01,-1.200154363509737948e-01,-1.100038591622492651e-01,-1.150009670257364919e-01,-1.462502451837011941e-01,-1.540625609979020816e-01,-1.360156366731968269e-01,-1.340039069331250277e-01,-1.385009771803160927e-01,-1.396252447421138521e-01,-1.455313118560807029e-01
-1.875000000000000000e-01,-1.743750050663948059e-01,-1.610937546938657761e-01,-1.627734410576522350e-01,-1.481933620525524020e-01,-1.370483382779639214e-01,-1.417620863576303236e-01,-1.404405238990875660e-01,-1.251101289631151303e-01,-1.262775310486858871e-01,-1.215693826131598598e-01,-1.003923440886680396e-01,-1.150980840105102487e-01,-1.137745200340520846e-01,-1.084436300830188271e-01,-1.171109055090979456e-01,-1.242777251851815978e-01,-1.210694311472837875e-01,-8.526735655747515186e-02,-7.881683831980491883e-02,-9.720421017599768787e-02,-8.930105388510392594e-02,-8.232526213017146710e-02,-6.971326496473709278e-02,-5.097373674629072232e-02,-4.183758831817144946e-02,-3.702758471307216609e-02,-1.018298981590496088e-01,-1.242123424511012153e-01,-1.194859117145552208e-01,-1.060458581863645139e-01,-9.887409051802763249e-02,-8.720654954648765500e-02,-8.351835971111246093e-02,-8.716990330575452584e-02,-1.075448419371211189e-01,-1.263197555074831724e-01,-1.490360062303578148e-01,-1.523954517141589415e-01,-1.270869472745957129e-01,-1.288531745255962480e-01,-1.349682404294852422e-01,-1.240246679309816302e-01,-1.260134524584763105e-01,-1.249882379293678347e-01,-1.261431003391801919e-01,-1.454821719422951243e-01,-1.584147672776136662e-01,-1.621036942035892214e-01,-1.655259272761875899e-01,-1.738814821170701075e-01,-1.409703669529888403e-01,-1.327425881619685166e-01,-1.356856461464224506e-01,-1.439214146658494564e-01,-1.309803543370146039e-01,-1.152450881372188152e-01,-1.288112697991305178e-01,-1.297028175987942344e-01,-1.224257042506869536e-01,-1.306064256901427190e-01,-1.226516044108789255e-01,-1.156629001341442642e-01,-1.039157261511231556e-01,-1.084789310907459531e-01,-1.221197297179484470e-01,-1.230299298962897192e-01,-1.232574799408750199e-01,-1.308143714753348674e-01,-1.727035971901704492e-01,-1.906759001916122909e-01,-1.895439738558101772e-01
-1.499999985098838806e-01,-1.399999987334012985e-01,-1.349999974481761456e-01,-1.237499992130324244e-01,-9.343749980325810611e-02,-9.835937606840161607e-02,-9.958984234071976971e-02,-7.239745998913349467e-02,-7.809936551882401545e-02,-9.702484197575245162e-02,-1.117562090038219935e-01,-1.204390497177580954e-01,-1.101097625039453298e-01,-1.175274404769747205e-01,-1.393818576605520831e-01,-1.223454629250219083e-01,-1.005863650979561263e-01,-7.764659149800644256e-02,-8.441164921560612155e-02,-7.860291148433766473e-02,-7.715072891416570322e-02,-7.678768420294528052e-02,-5.169692125562729001e-02,-1.663531701178327243e-02,1.807252410658392872e-02,-1.695181982394135603e-02,-7.112662818699100331e-02,-9.292105293936783750e-02,-8.905690090523971092e-02,-7.460929807689491156e-02,-7.395750931567625364e-02,-7.517294002489913196e-02,-8.375696319569317372e-02,-9.407784846481971608e-02,-9.231338664158506013e-02,-9.348873238827865029e-02,-1.164368321276358781e-01,-1.152210274034900506e-01,-1.003521373792033156e-01,-9.963358171094310878e-02,-1.204129568668923095e-01,-1.239775409781118526e-01,-1.448780817410146304e-01,-1.257044858639636276e-01,-1.142250308619240512e-01,-1.262590924706633033e-01,-1.396113681248469796e-01,-1.140329700572203508e-01,-1.060082431103515355e-01,-1.340020588404369217e-01,-1.510005144120860066e-01,-1.502501256227892767e-01,-1.700625317037205431e-01,-1.500156347140694790e-01,-1.400039077844477120e-01,-1.400009792557919130e-01,-1.300002436218550828e-01,-1.250000620975566523e-01,-1.037500171635168944e-01,-1.109375033223037599e-01,-1.127343748620004693e-01,-1.056835943115465581e-01,-9.142089805634601163e-02,-5.785522373177554023e-02,-5.946380492711550447e-02,-6.236595063573242836e-02,-7.059148736090987974e-02,-8.514787079714618290e-02,-1.062869667307110716e-01,-1.190717391494803684e-01,-1.297679325521959304e-01,-1.399419830635431627e-01
-1.249999981373548646e-01,-1.312499991618096828e-01,-1.228124977787956595e-01,-1.232031219115015119e-01,-1.183007789877592586e-01,-1.070751953429862624e-01,-1.242687952594678791e-01,-1.298171940464953877e-01,-1.249542941157813086e-01,-1.087385741249917714e-01,-1.071846436057537488e-01,-1.067961609759442432e-01,-1.141990387538699414e-01,-1.010497594649500674e-01,-7.776244008975494171e-02,-8.194061002243874237e-02,-1.029851520585748637e-01,-1.157462878656321109e-01,-1.289365715938790014e-01,-1.122341411103304210e-01,-9.055853527758260524e-02,-6.513963566341435252e-02,-1.128490902761229708e-02,-3.732924536564968115e-03,-1.692055659385994712e-02,-4.203456763648111966e-02,-2.620460705949147207e-02,-1.251641488197763677e-02,-3.925272406668295355e-02,-4.266783956818488710e-02,-4.934759528471208134e-02,-7.195380166429574120e-02,-8.410868566547408109e-02,-6.699797081777099372e-02,-5.687501919227004599e-02,-8.638153570879786303e-02,-1.120167420506211348e-01,-8.645859102904131233e-02,-1.111343533806486289e-01,-1.375882782293479378e-01,-1.156780218768398150e-01,-1.247280375582049267e-01,-1.370671779270487556e-01,-1.119824223308642092e-01,-1.046043900795002590e-01,-1.198001663671736661e-01,-1.217694583233894234e-01,-1.363753285928741565e-01,-1.240938301365617780e-01,-1.235234550009430554e-01,-1.258808606954977261e-01,-1.339702142798047668e-01,-1.559925559541369688e-01,-1.464981407766735855e-01,-1.341245316178897029e-01,-1.335311306692982536e-01,-1.333827822947955266e-01,-1.208456940835827692e-01,-1.077114241169421505e-01,-9.442785871144454557e-02,-1.036069666150120916e-01,-1.184017428458459253e-01,-9.460043705256598878e-02,-7.365010814555440766e-02,-5.841252614231892681e-02,-7.460313019447523120e-02,-7.615078172905494214e-02,-7.153769565578114997e-02,-7.538442495702657453e-02,-8.634610892146565853e-02,-9.658652834795350417e-02,-1.153966302802225952e-01
-1.000000014901161194e-01,-1.124999988824129105e-01,-1.256249961443245411e-01,-1.239062465028837323e-01,-1.184765601356048137e-01,-1.221191375007038005e-01,-1.180297828850598307e-01,-1.145074428900443309e-01,-6.862685982844141108e-02,-1.715671495711035277e-02,-1.789178795156942670e-03,-2.544729413999569437e-02,-9.136182256642345900e-02,-9.034045646116972694e-02,-8.508511411529243174e-02,-1.187712786778347268e-01,-1.346928201164935279e-01,-9.867320450758274020e-02,-1.071683006798608562e-01,-1.167920731583084459e-01,-9.169801922089967916e-02,-6.542450525225976254e-02,-6.135612623855913467e-02,-3.868559023853501699e-02,-3.962076739995767927e-02,-7.581814263395739162e-02,-7.002989919019807219e-02,-4.179102704884005148e-02,-8.643960838731111485e-03,2.073483488579194040e-02,3.376784348641733574e-02,-3.736269617042218411e-02,-7.368972933282771920e-02,-8.027111189064958796e-02,-8.043971892818206626e-02,-1.010699240779489028e-01,-1.293120748901270267e-01,-1.164915503835653871e-01,-1.151682217115157780e-01,-1.202974078355728005e-01,-1.299425638541206185e-01,-1.410052137281652407e-01,-1.210332576609193245e-01,-7.464446566195634403e-02,-6.667303031109608757e-02,-8.239344628011890936e-02,-1.135175715420536913e-01,-1.253256547086907535e-01,-1.338314127831030098e-01,-1.359578523017060947e-01,-1.389894653851065087e-01,-1.347473641111024412e-01,-1.461868380475433715e-01,-1.315467064571478051e-01,-1.303866767632985701e-01,-1.600966705319291639e-01,-1.775241631626339189e-01,-1.318810393005423465e-01,-1.029702619858039597e-01,-1.032425660924974342e-01,-1.058106415976301784e-01,-1.064526604739133575e-01,-1.066131633303390031e-01,-8.915329083258474729e-02,-7.478832432864745972e-02,-4.869708041160961121e-02,-6.217426898531530632e-02,-7.804356724632882658e-02,-8.201089367422735588e-02,-8.300272341855684244e-02,-9.825068145068566183e-02,-9.456267252333978857e-02
-9.749999921768903732e-02,-1.118749983143061399e-01,-1.129687486100010574e-01,-1.207421846193028614e-01,-1.126855438451457303e-01,-9.067138596128643258e-02,-1.076678455217461305e-01,-1.144169598903204133e-01,-8.860423956279817048e-02,-2.965105972306147919e-02,-1.241276481900666084e-02,-5.560318956562393389e-02,-1.164007964973363118e-01,-1.291002024770953605e-01,-1.147750501722390043e-01,-1.136937597118391208e-01,-9.342343940641914535e-02,-9.835586096919188281e-02,-1.045889653168037836e-01,-1.086472408821661240e-01,-7.716181189692217224e-02,-4.179045293697764007e-02,-5.794761450084311150e-02,-8.184160508461858774e-02,-9.227559397058701651e-02,-9.870307067890221608e-02,-9.271988066499246839e-02,-8.300475631521347930e-02,-3.939145452961624605e-02,-1.245523016821667786e-02,-3.036761646139454415e-02,-7.224813007977562429e-02,-8.938756933725613973e-02,-8.393667632320706007e-02,-6.358498147124842792e-02,-9.582615038006206398e-02,-1.027589890863714051e-01,-1.040817518657996682e-01,-1.146044344858962866e-01,-1.268153056789596556e-01,-1.397110898119499067e-01,-1.410451476480138744e-01,-1.504497626102361263e-01,-1.605309384235837356e-01,-1.753048185797805303e-01,-1.579621442728309511e-01,-1.400805956019229859e-01,-1.184747857573943131e-01,-1.146186973334182568e-01,-1.361546761214939005e-01,-1.390386713400534602e-01,-1.347596655998392068e-01,-1.461899134197275629e-01,-1.390474774608622122e-01,-1.472618738355639112e-01,-1.318154709920883738e-01,-1.079538670029640268e-01,-1.419884688369035808e-01,-1.604971209345161798e-01,-1.376242803826406569e-01,-1.169060696486253353e-01,-9.422651689061570246e-02,-7.355662810506684302e-02,-1.008891565792318784e-01,-1.002222902623950557e-01,-1.175555700324013714e-01,-1.268888889318216529e-01,-1.267222191782173824e-01,-1.241805522613569496e-01,-1.235451355321418310e-01,-9.838628377127675573e-02,-7.397157111977048505e-02
-1.224999986588955064e-01,-1.531249983236193657e-01,-1.507812503259629011e-01,-1.201953121344558895e-01,-1.175488265434978530e-01,-1.168872051457583439e-01,-9.422180262754409341e-02,-8.355544931578151591e-02,-1.058888632230150506e-01,-1.414722197545614790e-01,-1.153680550131461757e-01,-1.238420125611936484e-01,-1.309605027677693823e-01,-1.327401234567681665e-01,-1.406850289270411003e-01,-1.301712560396673934e-01,-1.400428120727658932e-01,-1.300107018260985847e-01,-1.475026738173969010e-01,-1.593756671132447178e-01,-1.648439130530208740e-01,-1.037109782632552185e-01,-1.059277465029647564e-01,-1.140654617320520370e-01,-8.471103034344867888e-02,-8.786091213903714225e-02,-1.020933576064355364e-01,-1.079041129012169309e-01,-9.180223546075974572e-02,-9.461366658818760877e-02,-9.997586415562043083e-02,-8.938790176399799559e-02,-5.964112297715806060e-02,-5.945530910298740812e-02,-5.213225354503968345e-02,-6.271363911467636720e-02,-7.655404909808895264e-02,-1.146636913328356044e-01,-1.227383858240889136e-01,-1.097181351551723139e-01,-1.128101773949789777e-01,-1.537515124403518452e-01,-1.306105566701065146e-01,-1.391081664135250251e-01,-1.235567853642054598e-01,-1.019368916946785664e-01,-1.011955291081998998e-01,-1.297577936214589778e-01,-1.174394474367892738e-01,-1.118598614121624757e-01,-1.229649622983025742e-01,-1.307412383394014888e-01,-1.364353074986878189e-01,-1.166088264276371189e-01,-1.291522062343802568e-01,-1.247880490253976682e-01,-1.061970096486462012e-01,-6.654925151809187867e-02,-8.163731235798232788e-02,-1.079093303246697610e-01,-1.394773370515157984e-01,-1.448693373921227934e-01,-1.337173344970423172e-01,-1.121793339595367200e-01,-1.130448362465990009e-01,-1.232612115948471532e-01,-1.033153008125492212e-01,-1.108288223719166854e-01,-8.770720425187467084e-02,-8.192679972186416026e-02,-8.798169888738475997e-02,-1.076204240885468427e-01
-7.750000059604644775e-02,-1.043749991804361343e-01,-1.035937503911554813e-01,-1.108984366292133927e-01,-1.102246087102685124e-01,-1.025561532951542176e-01,-1.131390368336724350e-01,-1.057847598044645565e-01,-1.014461910687032287e-01,-1.153615457555190460e-01,-1.163403849487636421e-01,-1.115850957901560747e-01,-1.078962740220448246e-01,-1.044740691015576539e-01,-1.111185163068139359e-01,-1.252796292257151167e-01,-1.588199086475332866e-01,-1.922049732875814043e-01,-1.980512418317792456e-01,-2.145128095638751398e-01,-1.836282013478874875e-01,-1.284070498899370361e-01,-1.596017638135887595e-01,-1.758461149853700611e-01,-1.884064898471592420e-01,-1.679323036367833255e-01,-1.488394294901475290e-01,-1.289428250174667612e-01,-1.042326018507516994e-01,-1.112280078305611097e-01,-1.208046348783823054e-01,-1.308020839937888702e-01,-9.471851872524528204e-02,-9.564314830643660947e-02,-4.117289896021963935e-02,-5.683339564802915300e-02,-9.698375172615714135e-02,-1.043765224695222260e-01,-7.745712940096896593e-02,-7.131168232411155827e-02,-1.045452709894627574e-01,-8.559060794366524227e-02,-8.725685241881292464e-02,-7.350806795821408779e-02,-8.301038643535429973e-02,-9.812708938076211695e-02,-8.592068402457761489e-02,-1.187650058380974594e-01,-9.219125099386307753e-02,-5.554781248769544849e-02,-5.888695304741805442e-02,-5.472173736778484371e-02,-2.618043359688814950e-02,9.845489204781279757e-02,1.621137259921854312e-01,1.905284374585108353e-01,3.351321183053244113e-01,4.362830361328420281e-01,3.765707572450711638e-01,3.716426817116755821e-01,3.179106644674544180e-01,4.494776559840740204e-01,3.673694045710340639e-01,1.943423483860436951e-01,2.510855802419768024e-01,-7.228607100174172517e-03,-7.180715207306676007e-02,-7.795178667716218257e-02,-7.948794532818603820e-02,-9.487198558698844986e-02,-1.162179975888400080e-01,-9.342950133436095372e-02
-3.500000201165676811e-02,-7.874999986961485343e-02,-5.968749907333403826e-02,-5.242187439580447972e-02,-5.810546852444531396e-02,-6.202636653506488074e-02,-9.300659222981266794e-02,-9.575164969658089831e-02,-1.139379122751336126e-01,-1.159844784413124330e-01,-8.399611931230488437e-02,-1.009990280399368778e-01,-1.377497540297519807e-01,-1.169374361977580101e-01,-8.173435927295691350e-02,-9.043359011626245225e-02,-1.251083966349959553e-01,-1.312770969235748098e-01,-1.553192728897891950e-01,-1.838298140501221645e-01,-1.759574524694492714e-01,-1.989893643094552134e-01,-1.922473392892244670e-01,-1.497699862223953737e-01,-1.448913724596820884e-01,-1.216608915819605702e-01,-1.005353563550581697e-01,-1.249246413142350853e-01,-1.274586013116158212e-01,-1.446550076494047543e-01,-1.279887621673303222e-01,-9.805937831780209279e-02,-1.117338463047665709e-01,-1.101874336446206359e-01,-8.611661288502019118e-02,-4.811044572756240784e-02,-5.063732445464905890e-03,-2.872029419807751657e-02,-7.114449075378020959e-02,-6.889192742982765127e-02,-1.259394622913977968e-01,-2.033068416533863054e-01,-1.209387264653542515e-01,-7.134984637311346523e-02,-4.539345255745264041e-02,-6.671938499126039979e-02,5.840860629997352005e-02,1.996323064588549356e-01,5.990807452855116677e-02,1.924770207183003623e-01,3.256192587558537910e-01,5.964048152850098816e-01,6.191012119423853211e-01,2.997753025385614944e-01,3.874438256346403597e-01,2.668609581967994471e-01,4.267152538543145801e-01,6.991788332821230467e-01,4.147947104066933566e-01,3.536986887775442345e-01,1.809246659358983433e-01,5.252311557551385679e-01,6.213077947502374521e-01,3.203269477934896914e-01,1.825817407109155965e-01,2.381454397225830633e-01,4.745363664871566911e-01,3.411340880455104863e-01,3.527835202232382783e-01,4.106958779696470163e-01,1.401739709825278735e-01,-4.870651073751446070e-02
3.650000020861625671e-01,2.912499960511922836e-01,5.603124960325658321e-01,8.000781353330239654e-01,5.150195472815539688e-01,8.625488730467623100e-02,-1.843627821108384524e-02,-5.710906977628837922e-02,-6.677726906457337464e-02,-3.169431693086721680e-02,-3.292357960524583405e-02,-1.007308960934043540e-01,-1.301827244703859243e-01,-1.000456800745151975e-01,-1.075114195715939636e-01,-1.218778537008056023e-01,-1.254694613017859339e-01,-9.386736346280133425e-02,-1.184668378109622888e-01,-1.121167090057057503e-01,-1.205291784435193331e-01,-1.501322937913159572e-01,-1.075330737458522201e-01,-8.808323152926700317e-02,-7.413278000570122650e-02,-4.125851775089101059e-02,-2.547817772845227535e-02,-2.866900596449722602e-02,-1.674937270735067651e-02,-3.773379023570225949e-03,6.242886913145977677e-03,3.116547520764802875e-02,4.141026320757502238e-02,4.682800070122389302e-02,4.370337978173173543e-02,4.537256125402668039e-02,6.357259971100145957e-02,7.406906019200398816e-02,1.041014231258370476e-01,1.065454138322109584e-01,9.548659133422958412e-02,9.505822387215641378e-02,1.170079276633191889e-01,1.241901483553630309e-01,1.226465991739924266e-01,1.989988980592413692e-01,3.307304977849405137e-01,5.441637635100702308e-01,9.335409253803097496e-01,9.808852635315856716e-01,1.055221318267082209e+00,1.181305303936773132e+00,6.403263136162294922e-01,3.225815798941734647e-01,2.556453957186014536e-01,1.689113503080077738e-01,7.222783690644968280e-02,1.955569613127750017e-01,3.763892446495304966e-01,1.765973069900574899e-01,-1.335067522688948571e-02,-6.833766828518172964e-02,3.791559008126194064e-02,2.644789085844276855e-01,4.861972800292369001e-02,2.965493254089801578e-02,1.749137382388722128e-01,5.937284464806469320e-01,6.209321154944635879e-01,5.652330252973372104e-01,7.213082545361949593e-01,6.115770677318680404e-01
