nan,nan,nan,nan,nan,nan,nan,nan,nan,nan,nan,nan,nan,nan,nan,nan,nan,nan,nan,nan,nan,nan,nan,nan,nan,nan,nan,nan,nan,nan,nan,nan,nan,nan,nan,nan,nan,nan,nan,nan,nan,nan,nan,nan,nan,nan,nan,nan,nan,nan,nan,nan,nan,nan,nan,nan,nan,nan,nan,nan,nan,nan,nan,nan,nan,nan,nan,nan,nan,nan,nan,nan
nan,nan,nan,nan,nan,nan,nan,nan,nan,nan,nan,nan,nan,nan,nan,nan,nan,nan,nan,nan,nan,nan,nan,nan,nan,nan,nan,nan,nan,nan,nan,nan,nan,nan,nan,nan,nan,nan,nan,nan,nan,nan,nan,nan,nan,nan,nan,nan,nan,nan,nan,nan,nan,nan,nan,nan,nan,nan,nan,nan,nan,nan,nan,nan,nan,nan,nan,nan,nan,nan,nan,nan
nan,nan,nan,nan,nan,nan,nan,nan,nan,nan,nan,nan,nan,nan,nan,nan,nan,nan,nan,nan,nan,nan,nan,nan,nan,nan,nan,nan,nan,nan,nan,nan,nan,nan,nan,nan,nan,nan,nan,nan,nan,nan,nan,nan,nan,nan,nan,nan,nan,nan,nan,nan,nan,nan,nan,nan,nan,nan,nan,nan,nan,nan,nan,nan,nan,nan,nan,nan,nan,nan,nan,nan
nan,nan,nan,nan,nan,nan,nan,nan,nan,nan,nan,nan,nan,nan,nan,nan,nan,nan,nan,nan,nan,nan,nan,nan,nan,nan,nan,nan,nan,nan,nan,nan,nan,nan,nan,nan,nan,nan,nan,nan,nan,nan,nan,nan,nan,nan,nan,nan,nan,nan,nan,nan,nan,nan,nan,nan,nan,nan,nan,nan,nan,nan,nan,nan,nan,nan,nan,nan,nan,nan,nan,nan
nan,nan,nan,nan,nan,nan,nan,nan,nan,nan,nan,nan,nan,nan,nan,nan,nan,nan,nan,nan,nan,nan,nan,nan,nan,nan,nan,nan,nan,nan,nan,nan,nan,nan,nan,nan,nan,nan,nan,nan,nan,nan,nan,nan,nan,nan,nan,nan,nan,nan,nan,nan,nan,nan,nan,nan,nan,nan,nan,nan,nan,nan,nan,nan,nan,nan,nan,nan,nan,nan,nan,nan
nan,nan,nan,nan,nan,nan,nan,nan,nan,nan,nan,nan,nan,nan,nan,nan,nan,nan,nan,nan,nan,nan,nan,nan,nan,nan,nan,nan,nan,nan,nan,nan,nan,nan,nan,nan,nan,nan,nan,nan,nan,nan,nan,nan,nan,nan,nan,nan,nan,nan,nan,nan,nan,nan,nan,nan,nan,nan,nan,nan,nan,nan,nan,nan,nan,nan,nan,nan,nan,nan,nan,nan
nan,nan,nan,nan,nan,nan,nan,nan,nan,nan,nan,nan,nan,nan,nan,nan,nan,nan,nan,nan,nan,nan,nan,nan,nan,nan,nan,nan,nan,nan,nan,nan,nan,nan,nan,nan,nan,nan,nan,nan,nan,nan,nan,nan,nan,nan,nan,nan,nan,nan,nan,nan,nan,nan,nan,nan,nan,nan,nan,nan,nan,nan,nan,nan,nan,nan,nan,nan,nan,nan,nan,nan
nan,nan,nan,nan,nan,nan,nan,nan,nan,nan,nan,nan,nan,nan,nan,nan,nan,nan,nan,nan,nan,nan,nan,nan,nan,nan,nan,nan,nan,nan,nan,nan,nan,nan,nan,nan,nan,nan,nan,nan,nan,nan,nan,nan,nan,nan,nan,nan,nan,nan,nan,nan,nan,nan,nan,nan,nan,nan,nan,nan,nan,nan,nan,nan,nan,nan,nan,nan,nan,nan,nan,nan
-1.144586410373449326e-02,3.307916945777833462e-02,8.757022948702797294e-02,6.394708574225660414e-02,4.870497353476821445e-02,7.313668334882095223e-02,8.005394129554588289e-02,4.785997256288965218e-02,3.381914790632833956e-02,3.125690518856671929e-02,5.541069954395450026e-02,1.014844927930835805e-01,8.182019097715625966e-02,4.537002604916694909e-02,5.710555997792632343e-02,1.142956642739567930e-01,1.098934456316777442e-01,1.199996314845519357e-01,1.027554905017722953e-01,8.609745833030614526e-02,5.379798344650053160e-03,2.758911822162026656e-02,1.602643614677577016e-02,1.158353890768683975e-02,5.655336617378393244e-02,8.641176171339551293e-02,8.935237923571714980e-02,8.289164017403932716e-02,5.529401984876596010e-02,9.434697165356625836e-02,1.103983152267002943e-01,1.128638592450982164e-01,6.785127662343695687e-02,5.608657410423684153e-02,7.831379221300463489e-02,7.478037152792060827e-02,9.442166158086320871e-02,8.306475522251491328e-02,5.188296637095899527e-02,4.462712326685063652e-02,8.130952267358569630e-02,5.510737914221949807e-02,4.043195252214239199e-02,2.448204938532006283e-02,8.023899010435017742e-02,1.751767749876163294e-01,9.674545607940310266e-02,8.074327429626373953e-02,1.026858181270311060e-01,8.567145598462098943e-02,9.141786243153332547e-02,1.278544641922730318e-01,9.696361645785019079e-02,2.924090307138126066e-02,-4.768977486545403210e-02,-2.692244338108738116e-02,-1.730610957030554245e-03,3.956734636667268157e-02,8.489183584661011417e-02,1.337229583097267194e-01,2.843073968919038880e-02,9.607686263402104646e-03,4.990192329811051625e-02,1.997548065688956737e-02,1.999386982894626325e-02,2.749846695432237725e-02,2.937461670132768959e-02,4.234365432434353260e-02,5.058591268701621152e-02,9.264647638361471482e-02,5.661619021397872736e-03,-3.644606141959576967e-02
3.528894111514091492e-02,4.039404261857271194e-02,3.642272274009883404e-02,3.175991837633773685e-02,2.891902874398510903e-02,2.308049720522831888e-02,1.630705558181944764e-02,1.957698051000991094e-03,-7.435753877246041241e-03,1.278050804255315143e-02,3.754182660888361056e-02,-6.845856928426208299e-03,-3.161643513133083339e-02,-4.140284081523504245e-03,1.800969425086555720e-02,-2.235445520966157854e-02,-5.350024567715552098e-02,-3.379393028510666724e-02,-1.764603968347871338e-02,-2.014292889184197619e-02,-3.772430056916287189e-02,-2.623937402438772382e-02,-8.700428839205832932e-03,-3.421828670692422109e-02,-3.065826408165688022e-02,-3.897274946694075093e-02,-2.264704627425595529e-02,1.022201083257515131e-02,5.342390517777996506e-03,8.689416604833501145e-03,3.514388437261101866e-02,2.285104792301832777e-02,1.746253573269888545e-02,3.007718617312919035e-02,3.736976458279493707e-02,2.266825262587071274e-02,1.329635454374254212e-02,1.530345831540152850e-02,1.824426288969630862e-03,-1.154306116251465654e-02,5.804927659411438304e-03,1.129466542350232756e-02,-7.098499533417373941e-03,-3.762594386161010468e-03,5.211495446060581543e-02,4.075957142287116308e-02,3.449535010500158483e-02,3.401496946174416974e-03,2.085037378950876583e-02,5.021259244154880480e-02,6.505314833390461737e-02,9.376328767952260557e-02,1.234408196847064654e-01,1.458602070073391765e-01,1.389650555143779886e-01,6.224126419524417253e-02,8.806031861926136295e-02,1.870150843486811376e-01,1.167537695225483729e-01,4.918844193360225742e-02,-1.020289041066910728e-02,-5.005072433492726430e-02,-3.001268115823762378e-02,-3.500317060620908305e-02,-1.625079248391420733e-02,-1.562698176857907177e-03,1.460932512050939526e-02,6.152331224247993904e-03,2.403808276880909506e-02,5.100952061769646606e-02,4.275237948387186626e-02,3.951032970271835948e-02
2.654759678989648385e-03,-1.641503383871167898e-02,-2.975746869924478233e-02,-1.327034265705151483e-02,-1.299374083282600623e-02,-2.326609263718637521e-02,-3.332571423277386202e-02,-3.340710447784545067e-02,-5.522090878724128515e-02,9.212857269647045655e-03,1.261465023665135909e-01,6.635668513882919672e-02,4.367653777720442720e-03,-1.614630716296610452e-02,-8.561694948940419200e-03,-2.325520942709568759e-02,-3.137930691888363155e-02,-9.970826619988758591e-03,-4.235305766615422851e-02,-4.147203927636929077e-02,-3.000584177151517998e-02,-4.631713388357360656e-02,-4.272748525687505156e-02,-4.969382098751378568e-02,-7.015715865154344144e-02,-6.205885845636148479e-02,-2.220885499247614997e-02,-1.333881977147618331e-03,-5.817531693527291069e-03,5.254429743675096028e-03,1.398591719964834695e-02,2.916772948677264984e-02,5.274601165695717853e-02,5.614740931551588654e-02,3.618151547650727551e-02,4.303320553685285182e-02,2.195298038992501977e-02,-1.853303601123782417e-03,-2.107656039043712126e-02,-1.946098296839606986e-02,-1.319811221894773984e-02,-2.487555404364355863e-02,-6.671444018646899288e-02,-7.975868803750679747e-02,-4.889708645018737976e-02,-3.955496796251038727e-02,-7.593592034729073487e-03,1.192067432663899279e-03,-1.970198269479919023e-02,2.007450469882923055e-02,8.251862677075376407e-02,1.081296552025723251e-01,1.245324102243643982e-01,1.086331003581698235e-01,2.715827508954245240e-02,-3.321043219618986797e-02,1.419739144803834272e-02,3.604934760123926912e-02,6.901233649052788965e-02,2.475308395499390898e-02,-1.311728843613459324e-03,-1.282793193150659136e-02,-3.570698272210632435e-02,-5.392674560602077338e-02,-3.848168584271165205e-02,-1.962042123716049510e-02,5.094894467192458316e-03,3.877372324426908712e-02,4.719343090419952924e-02,1.429835767017052783e-02,1.074589473421986435e-03,5.932337176344199860e-03
-2.010779036208987236e-02,3.683031548280268908e-02,4.395782717620022595e-02,2.418548556306632236e-02,-8.097184267171542160e-03,-1.667898041296211886e-02,-1.995157685621506971e-02,-2.130962093949051450e-02,-1.975485292643242019e-02,4.086477034397439922e-02,4.256974778754640809e-02,1.276958819059759165e-04,-3.701771413694252000e-02,-5.256081835779158329e-02,-5.587729974054448517e-02,-7.228106394028452342e-02,-1.027163778049642595e-01,-4.006460189329819760e-02,-5.734960798051763620e-02,-4.459038858271342776e-02,-4.632403449380571858e-02,-4.285277176937504762e-02,-2.018457868208747147e-02,-2.107781528746153349e-02,-9.047810647798243747e-03,3.696630543988778730e-03,1.937320707900370975e-02,2.694987754936776017e-02,2.736399943857332345e-02,4.376054989851747845e-02,3.675135333726116393e-02,1.697053321795987182e-02,5.639155471969974076e-02,8.879921464783284424e-02,7.242925109009527851e-02,2.364545505876487416e-02,1.622012118904577263e-02,-2.705896154272590531e-03,5.113065272513022536e-03,-2.903701829911694079e-02,-4.862077580578979402e-02,-2.790006773965521963e-02,-5.069835614983480426e-02,-7.140728398368816066e-02,-4.387188315194363863e-02,-1.616402478839337048e-02,4.368018950458918588e-03,-1.612912476176108639e-02,-1.153228102280220817e-02,9.616929464902675140e-03,4.990423083885664468e-02,6.497605513926385523e-02,-1.875598636419564813e-02,-6.218899763413019560e-02,-8.679725247258382459e-02,-1.169931334166337406e-02,4.575171496946093055e-03,1.114379265071910492e-02,1.528594788328300341e-02,1.382148674730333295e-02,5.955371630946479193e-03,-1.601115670110789951e-02,-2.650278913802407016e-02,-4.662569732175891879e-02,-2.415642405104295731e-02,-2.853910597550783634e-02,-4.963477647525051106e-02,-2.490869383941585191e-02,-8.727173403974608501e-03,-2.218179290395881631e-02,-2.304544783483422274e-02,-2.578830921395489431e-02
3.198089543730020523e-03,5.490060208830982447e-02,-2.382916197529993951e-02,-6.361601963726570830e-02,-3.943305717803013977e-02,-3.724568121606353088e-02,-6.562152264757514786e-02,-6.022987687524050671e-02,-3.658490950598292102e-02,-2.147316978402180609e-02,-1.057060935789655605e-02,-2.074567446781772420e-02,-2.017000465262328013e-02,-2.585264937621453013e-02,-4.089296862866009102e-02,-5.571132263264438889e-02,-1.970539269527142590e-02,1.893089084127684563e-03,-3.725047387970011753e-02,-3.914189927011112874e-02,-4.444307022987255967e-03,1.583768466271498823e-02,2.425265595708141902e-03,-2.960371246924155611e-02,-3.232001052794395562e-02,-2.913445503357187105e-02,3.584805901862345157e-03,1.250634808739452784e-02,-1.073300721893600922e-02,8.857500099515190281e-03,2.262338910087329305e-02,6.995302417274408546e-02,1.216795257687471182e-01,6.791208869367594547e-02,4.780927253551719991e-02,2.673281414816140733e-02,1.138163786613913958e-04,-2.532769753457396814e-02,-7.924794222891649864e-02,-8.141215565547425814e-02,-5.712246999826302296e-02,-6.503499884328810265e-02,-8.333578852047912600e-02,-9.925142712203260942e-02,-7.382794292471706044e-02,-3.733813299288823995e-02,-1.443817257521171071e-02,-1.684474240898494596e-02,1.078881406247763665e-02,2.769720295682586222e-02,6.442429991964260250e-02,8.610607434661129989e-02,5.902651774846250088e-02,4.975662865480465907e-02,5.743915615787278245e-02,7.435978956100883219e-02,1.510899476882754389e-01,1.077724844261243597e-01,3.444312093889302651e-02,2.361077989944712976e-02,3.590269430430952785e-02,-3.102432552985294467e-02,-6.525608056289937398e-02,-6.881402036424226487e-02,-5.720350512831347267e-02,-1.180087587229643534e-02,2.454978134857556740e-02,1.863744505774711860e-02,1.465936104091936087e-02,-3.835159572132096351e-03,6.541209939328912482e-03,7.434824759006024297e-03
-4.709817515686154366e-02,-9.013079304713755846e-02,-1.299832896620500833e-01,-6.031027215794892982e-02,-8.480784614403091837e-02,-9.489582372088989359e-02,-9.081134732161899592e-02,-8.905403262772892958e-02,-6.382423532853209736e-02,-4.742841954740306676e-02,-4.287041670509283975e-02,5.788684024343628345e-03,1.642597470033411305e-02,-4.451172984304962998e-02,-5.869813170076147030e-02,-4.020029655605737023e-02,-3.710507502533540863e-02,-4.682914655128505438e-02,-2.814017078707463371e-02,-4.549052899437608377e-02,-5.137179316420719538e-02,-2.968345463608544621e-02,-5.906279821031998334e-02,-3.839285966961013957e-02,-3.577753660972770450e-02,-5.087510314200960337e-03,-1.047590016489591616e-02,-4.682493038733891166e-02,-1.348431016383094469e-02,-2.453878144516925472e-02,-8.992887089884233492e-03,2.126649418219030835e-02,-2.159602584939673137e-02,-5.682413044078833339e-03,8.683066222194908007e-03,3.280936592103063550e-03,5.330417966664091275e-03,-5.844652356807880644e-02,-9.015668947772306763e-02,-5.048694838900397858e-02,-3.277325817649322237e-02,-4.245404759721149723e-02,-7.943664456326809953e-02,-7.150275065233073490e-02,-5.278196102158418113e-02,-1.162809182461646898e-02,2.407485962518681084e-03,-5.935456517932655510e-03,-1.148386390596574380e-02,-2.537096547357724219e-02,3.115725919039923075e-02,7.278931613870431860e-02,7.819732769357157220e-02,6.454933091756451247e-02,3.113733239411500126e-02,2.278433276325262519e-02,2.069608285553702770e-02,3.267402056487264672e-02,5.066850512259171019e-02,2.766712594537179895e-02,-1.058321858816285710e-02,-6.264580516858135606e-02,-1.031614535273195216e-01,-1.032903663061827682e-01,-4.082259124126956518e-02,-1.520564769855868407e-02,1.619858762832548926e-02,-1.095035275764250082e-02,7.262411587071956887e-03,-1.318439676795588218e-02,-4.079609835379865296e-02,-3.697356804238892403e-02
-9.788757376372814178e-02,-1.140213129110634327e-01,-7.559145160485059023e-02,-9.273365119588561356e-02,-9.485903004679130390e-02,-1.004322813696489902e-01,-1.063308000998404168e-01,-1.102621283490634596e-01,-8.355037747222127109e-02,-5.209362756063029565e-02,-4.927195298385989020e-02,-3.814189244735333162e-02,-4.658087742683314492e-02,-8.019956860034918589e-02,-1.211534661876391694e-01,-1.439760773834395380e-01,-8.740975333891332077e-02,-8.263919781556233746e-02,-1.072327930006149038e-01,-1.130569611557514093e-01,-8.102985743602590663e-02,-4.609292627354581728e-02,-5.808589065690865361e-02,-2.491551781599727830e-02,-1.401418017820767539e-02,-5.524332900215250808e-02,-8.429436777872109654e-02,-7.159621739099986115e-02,-4.257710186133922825e-02,-9.300850828243834023e-04,3.349637468559503450e-02,1.334259346530265906e-02,9.154942968004509130e-03,-9.745903042824674567e-03,2.442648701898352329e-03,2.802290675988596685e-02,6.863765861330131668e-02,9.668575896754288967e-02,-1.323530655618899987e-02,-3.611757378160057597e-02,-3.965558497018888129e-02,-1.897795175613779459e-02,-2.097581525668953950e-02,-5.263168228175604813e-02,-6.881546940035214444e-02,-4.293150644128915921e-02,-2.624899592095463613e-02,-4.156494577376507182e-02,-3.789123629442965602e-02,-3.197280950201579486e-02,9.506797699001857255e-03,6.737669890320982513e-02,1.068441727141457021e-01,9.171104451964093296e-02,1.304277647806947049e-01,8.260694100890916824e-02,5.065173458167503140e-02,7.662933757177466804e-03,-2.558426641169402049e-02,-4.639606664017641158e-02,-4.659901680905571830e-02,-8.164975450028714998e-02,-8.541243810353114918e-02,-7.385311021506149598e-02,-3.846327710673053818e-02,-4.461581849437167013e-02,-3.615395406479936929e-02,-5.903848739861274758e-02,-7.225962103008931603e-02,-7.556490630060361258e-02,-8.889122873581928319e-02,-9.669470136994491594e-02
-1.174999978393316408e-01,-1.168749979697168012e-01,-1.242187464376911521e-01,-1.210546845977660269e-01,-1.252636699573486112e-01,-1.388159192774764961e-01,-1.372039826505897508e-01,-1.218009941725313183e-01,-1.129502462334528445e-01,-8.323756126033998726e-02,-7.830938949552113115e-02,-7.457734707585705891e-02,-6.864433565137717519e-02,-5.966108435987912961e-02,-8.241527377217880423e-02,-8.560381978414921544e-02,-1.039009544990024680e-01,-1.334752404128899672e-01,-1.033688122638908580e-01,-8.584220358751334934e-02,-7.146054977929125474e-02,-1.053651359547067012e-01,-1.188412851807695847e-01,-1.179501373126412983e-01,-8.133871564155582823e-02,-9.506798090757370701e-02,-1.069157764370775310e-01,-1.261079583330833864e-01,-1.096441459845474281e-01,-8.849314816770383063e-02,-8.420727456107097997e-02,-8.990037827316511854e-02,-9.624914176420268364e-02,-7.671668218363299208e-02,-7.235656358745935768e-02,-5.659682316816658232e-02,-6.401316638598048003e-02,-6.402832351981153913e-02,-3.217822031207022426e-02,-6.586974229918703128e-02,-6.796764518198068761e-02,-7.085662319108024243e-02,-1.025397236989045446e-01,-1.047644424151903536e-01,-8.486885099886670725e-02,-6.809855319380465899e-02,-4.954522771716043938e-02,-5.423391032487135527e-02,-8.105848026342685197e-02,-8.276462192850186916e-02,-5.819115557525772475e-02,-9.547789005573140142e-03,3.761305185453704680e-02,4.940326206956459354e-02,3.235081507035630910e-02,5.808770265000198774e-02,2.452192543898307903e-02,-2.136951802558132926e-02,-3.034237894760178494e-02,-5.508559414085399675e-02,-8.877139779015544296e-02,-6.219284855346918911e-02,-3.304821221287310151e-02,-6.076205327673569329e-02,-4.269051363583360043e-02,-3.172628576596464405e-03,-2.079315669711427964e-02,-4.519828828020890088e-02,-9.879957057993611624e-02,-9.219989253322533052e-02,-7.804997283528311569e-02,-1.088874913275491851e-01
-1.424999963492155075e-01,-1.331249955110251904e-01,-1.332812466425821185e-01,-1.333203112881164998e-01,-1.333300755868549459e-01,-1.558325175556092290e-01,-1.664581307300068147e-01,-1.641145350666874947e-01,-1.460286360763518587e-01,-1.315071578269950692e-01,-1.303767896057603792e-01,-1.125941974759459008e-01,-9.564855018855034086e-02,-7.141213788241371208e-02,-7.785303499214407674e-02,-1.282132593440824531e-01,-1.470533169221831804e-01,-1.442633310186851314e-01,-1.060658302587267898e-01,-5.901645823523395118e-02,-7.975411589991299177e-02,-9.243852688881568080e-02,-1.206096281459252406e-01,-1.223597587359527838e-01,-1.105170041623855653e-01,-1.106077492312377980e-01,-1.036055196095453240e-01,-7.034299233975377375e-02,-8.924166599766007735e-02,-1.079710100835949010e-01,-1.071947359727419835e-01,-1.280218212228665109e-01,-1.389297507311316737e-01,-1.282024672156923117e-01,-9.988635009841007051e-02,-8.656911732334862664e-02,-8.980170309935751882e-02,-1.092581498632698017e-01,-1.049654980006284738e-01,-6.313489872968364169e-02,1.444411898683603535e-01,1.717999024945273123e-01,-3.053190823004210686e-02,-6.973182289701095049e-02,-1.012890335890188620e-01,-1.011729276918504339e-01,-1.023994209056877519e-01,-1.193790503264909875e-01,-1.123447621345879111e-01,-1.105861900866121489e-01,-9.764654688835369689e-02,-6.191163588389810013e-02,-5.047790818866355889e-02,-7.511947704716588625e-02,-8.377987060289597554e-02,-8.344496765072399735e-02,-8.836124459489001770e-02,-6.959031288098249668e-02,-4.739757848101594506e-02,-9.684939551432365790e-02,-1.217123490275925229e-01,-1.129280868098632984e-01,-1.307320208083961599e-01,-1.501830049040758230e-01,-1.050457539082279707e-01,-1.012614395946440787e-01,-1.178153573654636271e-01,-1.119538370316859183e-01,-9.798845955594470691e-02,-1.294971153360210125e-01,-1.323742784614762302e-01,-1.287185673615684478e-01
-1.299999989569187164e-01,-1.550000021234154701e-01,-1.787500011269003153e-01,-1.521875039325095713e-01,-1.130468752380693331e-01,-1.582617177664360497e-01,-1.895654316767831915e-01,-1.923913611974512605e-01,-1.705978426835486061e-01,-1.376494576161491068e-01,-1.244123623923805155e-01,-1.361030910451299647e-01,-1.540257756670089240e-01,-1.285064419050954698e-01,-1.146266100292390455e-01,-1.011566541464374858e-01,-1.377891642816674311e-01,-1.719472940506491243e-01,-1.367368235126622811e-01,-1.591842021528752926e-01,-1.047960500166781883e-01,-8.369901354725083065e-02,-1.184247572611146215e-01,-1.002867610352827371e-01,-1.180188343201476753e-01,-1.506659906425674156e-01,-1.318483184108783512e-01,-1.078858594181549974e-01,-1.335469576240184975e-01,-1.299811140328795411e-01,-1.396403607137538527e-01,-1.265066619070256138e-01,-1.230464963950684831e-01,-1.237966961870086979e-01,-9.684085342311593569e-02,-1.003793539926998990e-01,-9.926336413437110429e-02,-1.145043805385976554e-01,-1.285670246965028296e-01,-1.333010046751881006e-01,-1.326739638813233535e-01,-1.359088756086403171e-01,-1.358875380814565659e-01,-1.350855801716569493e-01,-1.176054359529198068e-01,-1.220980666839525386e-01,-1.703176407208900900e-01,-1.498202845004911465e-01,-1.624550711251227797e-01,-1.531137648010484631e-01,-1.232784383690414820e-01,-1.008196080276384521e-01,-1.002049003305289787e-01,-5.255122446795934543e-02,-2.813780578171370950e-02,-8.703444965728908411e-02,-1.317586099556306845e-01,-1.354396515948380064e-01,-1.538599139417907713e-01,-1.509649792305057525e-01,-1.652412461487309525e-01,-1.638103139213685222e-01,-1.484525802684814599e-01,-1.321131420123823341e-01,-1.305282856521071955e-01,-1.451320758833751501e-01,-1.337830228451457049e-01,-1.184457566053560978e-01,-1.571114367671532230e-01,-1.767778584467302461e-01,-1.616944643136593307e-01,-1.379236134334587138e-01
-1.475000008940696716e-01,-1.518749985843896866e-01,-1.329687503166496754e-01,-1.282421901123598218e-01,-1.595605525944847614e-01,-1.523901426189695485e-01,-1.530975377409049543e-01,-1.557743841372030147e-01,-1.389435993870620223e-01,-1.122359004428119533e-01,-1.130589741421275107e-01,-1.207647410023344747e-01,-1.301911830154094396e-01,-1.350477948597826883e-01,-1.312619451386669855e-01,-1.303154827083880529e-01,-1.375788673988415645e-01,-1.243947148380536299e-01,-7.609867863500760499e-02,-7.652467023617190445e-02,-6.163116707475524425e-02,-9.790779132165397525e-02,-1.019769484264599485e-01,-1.008248894031581050e-01,-1.031425792380108730e-01,-8.198207178224956038e-02,-9.230859654275039294e-02,-1.219913849659945981e-01,-1.456671925740486984e-01,-1.278219365168871136e-01,-1.189171018225267940e-01,-1.253796391691345824e-01,-1.331189187369142823e-01,-1.118947916229912354e-01,-7.930318677177897180e-02,-5.695435041872379950e-02,-8.585322743825046787e-02,-1.498885883544185116e-01,-1.250142376535708366e-01,-1.371298449961735610e-01,-1.371583570472497127e-01,-1.349893790839140073e-01,-1.426968495636687928e-01,-1.549725438304122849e-01,-1.386934607015891940e-01,-1.217648222741197633e-01,-1.343698665424364613e-01,-1.314759034644608082e-01,-1.453689803364635602e-01,-1.513422471702784433e-01,-1.478355593338780138e-01,-1.294588873002721074e-01,-1.298647182487893403e-01,-1.124661768427354103e-01,-7.811654309309676303e-02,-8.452913525173355591e-02,-1.161322863461307919e-01,-1.565330766529274831e-01,-1.616332715474176618e-01,-1.829083160987150791e-01,-1.807270769385161957e-01,-1.701817692346290489e-01,-1.750454463319707776e-01,-1.612613612849694844e-01,-1.478153383840914159e-01,-1.594538369802086519e-01,-1.498634623742960137e-01,-1.324658662641262641e-01,-1.131164666405373720e-01,-1.282791144249601778e-01,-1.445697756260078126e-01,-1.380174417458335800e-01
-1.075000017881393433e-01,-1.318750008940696716e-01,-1.179687501862645149e-01,-8.449218724854290485e-02,-9.612304792972281575e-02,-8.653076291375327855e-02,-5.163269098920864053e-02,-5.040817237477313029e-02,-8.760204234863522288e-02,-7.940050976759494006e-02,-7.735012848498001858e-02,-9.433753323883209418e-02,-1.085843823411325459e-01,-9.714609588330636036e-02,-9.928652322576853040e-02,-1.248216304339131028e-01,-1.312054053733041070e-01,-1.353013504492563412e-01,-1.038253397729824584e-01,-1.084563344962107823e-01,-1.171140816123959344e-01,-9.677852122266285273e-02,-7.169463064094183657e-02,-4.688131564189940148e-02,-2.116216320284940167e-02,-6.163340800472531800e-04,-8.673946557807045432e-04,-6.451002832498071993e-02,-1.123616051580655639e-01,-1.079551267600593056e-01,-8.588740199746035253e-02,-9.096396613851523427e-02,-7.070785921994680867e-02,-8.618613372788785920e-02,-9.491668465372413155e-02,-1.060637082224997196e-01,-1.123240253718175430e-01,-1.209469986804196651e-01,-1.334327149601745033e-01,-1.547073532693576670e-01,-1.580679555622983012e-01,-1.419808843455773739e-01,-1.243740389427061416e-01,-1.357599383761613487e-01,-1.204229956162504722e-01,-1.097984870347512854e-01,-9.641476248883040778e-02,-1.223969689885348877e-01,-1.655992382983260125e-01,-1.338998070413841002e-01,-1.184749489291253982e-01,-1.046187364872232933e-01,-1.286546832277361552e-01,-1.246636682737366358e-01,-1.111659171429399684e-01,-1.077914793602408050e-01,-1.169478678284034401e-01,-1.442369653179731426e-01,-1.910592425215861812e-01,-1.702648130145823224e-01,-1.425662010184713946e-01,-1.456415496585714009e-01,-1.539103871166196402e-01,-1.434775990888348951e-01,-1.233693982820926183e-01,-1.133423491234883257e-01,-1.108355868338372491e-01,-1.052088973045057635e-01,-9.380222700833545924e-02,-1.059505600303393275e-01,-1.239876438818867388e-01,-1.028719132056458707e-01
-8.500000089406967163e-02,-7.124999910593032837e-02,-5.531249940395355225e-02,-7.132812589406967163e-02,-8.783203363418579102e-02,-7.195800915360450745e-02,-3.298950195312500000e-02,-4.324737470597028732e-02,-4.331184434704482555e-02,-7.832796376897022128e-02,-8.208199280488770455e-02,-6.052049823847482912e-02,-4.263012441060709534e-02,-6.315753132616919174e-02,-7.578938335308293972e-02,-1.064473480734449140e-01,-1.266118403711224971e-01,-1.016529603908038482e-01,-8.041323886835516355e-02,-8.510330919554814910e-02,-1.137758284909799328e-01,-8.094395874324626650e-02,-4.273598918289737286e-02,-2.295391051463980397e-02,-6.295045312475906242e-03,-2.375926948990219473e-02,-3.305432604602424884e-02,-5.236336131108663972e-02,-1.077191482961497304e-01,-1.288270528361281086e-01,-1.167794816877712888e-01,-9.018937071627056157e-02,-9.502791599796631128e-02,-6.491365466606223433e-02,-5.635021207007667732e-02,-4.680762334980791139e-02,-5.681689522991137387e-02,-5.275237111332405776e-02,-7.504484876514075364e-02,-7.968512009710221333e-02,-8.427907298289276372e-02,-7.735025080611938886e-02,-9.875352666420399161e-02,-8.530095774839982492e-02,-8.346819457637932871e-02,-8.776872127559698367e-02,-9.401296891099938935e-02,-1.118568928721714317e-01,-1.029642243356299475e-01,-1.082410556368726545e-01,-1.045602617112968841e-01,-7.614006617288228418e-02,-9.653501713926701533e-02,-1.066337538377819250e-01,-9.165843793790484639e-02,-7.541460784534848028e-02,-1.038536491301164932e-01,-1.009634115374710706e-01,-1.277408519902981099e-01,-1.344352121035048420e-01,-1.386088053355561955e-01,-1.346521990987148698e-01,-1.361630488806090389e-01,-1.040407643808206328e-01,-9.601019139322838902e-02,-7.400254673072001466e-02,-6.350063660817420463e-02,-8.087515956182547705e-02,-6.521878888462798174e-02,-6.380469662511054074e-02,-7.095117385825441825e-02,-7.898779279401135778e-02
-2.999999932944774628e-02,-1.999999955296516418e-02,-9.999999776482582092e-03,-2.999999932944774628e-02,-3.499999968335032463e-02,-2.875000040512531996e-02,-2.187500213040038943e-03,-2.304687501600710675e-02,-2.826171918241016101e-02,-1.206542968384383130e-02,-4.051635704843192798e-02,-4.262908946699894841e-02,-1.315727231087038263e-02,-2.328931763068275984e-02,-3.832233007822294368e-02,-6.458058408417766127e-02,-4.364514540637151607e-02,-3.841128620258126708e-02,-5.460282147613951254e-02,-7.115070454947100553e-02,-6.778767595110322952e-02,-3.444691813095903526e-02,2.638827061627185139e-02,3.972695158415505412e-02,2.269483391566443076e-02,-3.588143448252636286e-02,-4.907364233140935200e-02,-6.231014575512405784e-02,-8.648170194514391562e-02,-5.831093722703008936e-02,-4.124884309649951009e-02,-4.681789689332367665e-02,-2.382762869961589647e-02,1.737573766114183099e-02,-1.950008038054235580e-03,-1.836454895967501444e-02,-2.542462532801990568e-02,-4.228578497986884566e-02,-7.767176253105424755e-02,-8.646021875864572104e-02,-8.539072074772494081e-02,-7.296341942817363702e-02,-7.990825247533717146e-02,-9.109632688703039882e-02,-8.877328228936071097e-02,-6.192007336016862318e-02,-6.604662083833508224e-02,-5.702454110793543640e-02,-8.175613423390257206e-02,-9.543903281341759026e-02,-9.385975663873247221e-02,-1.184649379675902225e-01,-1.196162343428859437e-01,-8.240405787791632575e-02,-4.310101489788746576e-02,-2.077525350095444506e-02,-5.019381236941022895e-02,-5.004845225416224008e-02,-4.251211239298830630e-02,-6.312802832176449275e-02,-7.828200894308627589e-02,-7.457050193774834856e-02,-6.864262436684999413e-02,-3.716065564467765925e-02,-9.290163911169414812e-03,-7.322540866033644749e-03,-2.433063517925550950e-02,-2.858265922322226343e-02,-1.214566469404685690e-02,-2.553641567059752523e-02,-1.388410375001131875e-02,-1.597102565810605557e-02
-4.999999888241291046e-03,-1.124999974854290485e-02,-3.031249932246282697e-02,-2.757812438358087093e-02,-2.439453070473973639e-02,-2.359863228502945276e-02,-5.899658071257363190e-03,1.852508503515082339e-02,2.713127075587351555e-02,6.782817688968378889e-03,-1.330429524248177842e-02,-1.332607358710302670e-02,-2.833151876930478652e-02,-7.458288051189006229e-02,-4.364572050050154195e-02,3.158857032190945380e-02,5.539714431273735223e-02,8.849286189943045278e-03,-2.278767789372069391e-02,-2.819691943617726876e-02,-1.204923067860818459e-02,4.448769126864021706e-02,3.362192231424586397e-02,2.336383379695113754e-02,-5.746114704112716132e-03,-2.502837950207926349e-02,-1.694887535607600415e-02,-1.312457219222134402e-02,9.141656084709001706e-03,-1.983115810929421755e-02,-3.496500381275684244e-02,-5.810083890568383536e-02,-6.304834148439558694e-02,-5.868942923509277293e-02,-4.248997447928586774e-02,-7.320656038334170945e-02,-9.592326955748151085e-02,-1.031259248076691060e-01,-1.080407003417316464e-01,-1.307708347801045390e-01,-1.263961574674565547e-01,-1.018660656795133679e-01,-7.673658411168131355e-02,-7.933710883176095519e-02,-6.227666976579965263e-02,-6.565306405233575782e-02,-5.326140968751717081e-02,-8.598718680131388348e-02,-1.039967962532936385e-01,-1.134991975732072972e-01,-1.108747970836218427e-01,-7.021869925227901266e-02,-4.505467466405813776e-02,-4.876366922480807747e-02,-4.969091786499556240e-02,-4.742272961526050601e-02,-4.935568203128609666e-02,-5.733892043331571819e-02,-6.183472951228248526e-02,-8.045868185652998994e-02,-4.761466984945959824e-02,-2.690366712708876923e-02,-1.172591667001348335e-02,4.568521130519852605e-03,3.114213054340028708e-02,-7.214467028873801369e-03,-1.430361647782167796e-02,-3.575904119455419056e-03,4.106023858377435415e-03,-1.897349358837080446e-02,-1.974337306181657425e-02,3.814156538968115767e-03
1.250000018626451492e-02,3.312500030733644962e-02,-1.921874977415427566e-02,-4.480468748079147190e-02,-3.370117183294496499e-02,-4.842529299548914423e-02,-7.210632190776777861e-02,-7.802657913583743721e-02,-3.700664485846516527e-02,-5.925166102835177639e-02,-5.731291477280020530e-02,-4.182822900984972669e-02,-2.295705697306565929e-02,-2.323926385211093348e-02,-1.330981579538966994e-02,-1.832745361357129149e-02,-3.208186278871992536e-02,-2.552046530602449653e-02,-2.638011587947128658e-02,-4.659502807579814915e-02,-1.664875690719083007e-02,3.333780993501197359e-02,8.334452483752993399e-03,-4.907057941613107016e-02,-6.252695374354101665e-02,-4.030644180293971313e-02,-4.919145077942831817e-02,-7.779035113870855223e-02,-7.610238565161764335e-02,-7.265681828845277357e-02,-9.759629531648937595e-02,-9.115988764650420628e-02,-1.022496279415656961e-01,-1.116110770984781175e-01,-1.206814519833597638e-01,-1.020321218240030914e-01,-8.371277260451934210e-02,-8.531339120782768792e-02,-1.410591444669101469e-01,-1.515129653438412327e-01,-1.882357019390782371e-01,-1.293720514378478292e-01,-9.171151893341367156e-02,-7.059574630609111168e-02,-5.781818120864767874e-02,-7.216080263055298094e-02,-8.594198707440726948e-02,-8.829126878628937303e-02,-4.707281663777879849e-02,-2.676820382416857103e-02,-2.419205103054795220e-02,-8.104801201257894050e-02,-8.026200166204022768e-02,-7.506549918616425843e-02,-6.626637420049460991e-02,-6.656659336385913062e-02,-6.414164774491833143e-02,-6.603541174996506447e-02,-5.900885245320352385e-02,-5.975221303879507673e-02,-7.743805325969876918e-02,-7.185951493542597213e-02,-4.296487817506294826e-02,-2.074121932024831916e-02,1.981469461114437544e-02,1.245367348514803130e-02,-9.386581349316219791e-03,-1.984664494617357361e-02,-1.496166101302597549e-02,-1.624041497385972366e-02,-1.906010340818880405e-02,-2.164002535844623820e-02
2.499999944120645523e-02,-3.374999924562871456e-02,-4.343749902909621596e-02,-4.585937397496309131e-02,-1.896484332610270940e-02,-1.724121101779019227e-02,-5.431030256818303315e-02,-6.357757452445866875e-02,-7.089439240176886869e-02,-6.772359698285512764e-02,-6.443089818400604685e-02,-3.610772409896667590e-02,-1.902693080122425107e-02,-9.756732588547353813e-03,-7.439183035378129499e-03,-1.859795758844533242e-03,-4.046494804564146341e-02,-6.261623630360521608e-02,-7.315405825633744530e-02,-9.828851184462245039e-02,-4.207212710433884395e-02,4.481968819961736766e-03,-3.137950753423924405e-02,-4.783298486285744722e-02,-7.353359191073312318e-02,-9.411270849022600193e-02,-7.136811299153500432e-02,-8.772130678849501817e-02,-1.104930834739334539e-01,-1.263553195140989516e-01,-7.080452592279096180e-02,-1.554530738196169271e-02,-1.069654773523756423e-02,-6.490248503995524332e-02,-1.153359712727680397e-01,-1.449887305887494204e-01,-1.228956636138745506e-01,-1.031781225489573767e-01,-1.107213165384282050e-01,-8.665992887123796784e-02,-6.056882582928829750e-02,-7.759391551918311258e-02,-7.573422053383420394e-02,-9.710614944231168999e-02,-1.129959872979215130e-01,-1.119883557562602328e-01,-8.977062939118773954e-02,-6.434252470362045173e-02,-6.358563011419737787e-02,-4.339640737953773253e-02,-6.084910258994249282e-02,-9.021227676507270754e-02,-9.755307030885526642e-02,-9.438826787523704742e-02,-7.609706626100409821e-02,-2.152426604371038277e-02,2.461893561248787443e-02,-4.134526550083157670e-02,-5.283631635658143921e-02,-3.320907864211052052e-02,-3.830226898997537988e-02,-3.957556657694159125e-02,5.106108020488475327e-03,-1.872347254784304665e-02,-1.218086750366140919e-02,1.945478355249303376e-02,-2.636303944238678129e-03,-1.315907570666289758e-02,-1.828976859138959493e-02,-9.572442036088689779e-03,-2.393110509022172011e-03,2.565172178601123412e-02
-4.249999905005096695e-02,-5.312499927822499773e-02,-6.078125108615495265e-02,-7.519531422440195456e-02,-6.879882743851339910e-02,-7.469970604006448411e-02,-7.367492621199289715e-02,-8.341873103145758250e-02,-7.585468339116374636e-02,-4.146367081053803361e-02,-4.286591790752547482e-02,-4.571647869457040603e-02,-5.642911866781422092e-02,-3.160727927579807389e-02,-2.540181942779403540e-02,-1.635045463343109268e-02,-3.408761298780552118e-02,-6.352190201760557486e-02,-6.088047449857300619e-02,-6.022011761881486402e-02,-3.005502906942758568e-02,2.486242509125682204e-03,-5.187843866491342187e-02,-5.893240341877943600e-02,-9.684205295974017413e-02,-1.225740356801301306e-01,-8.120289459969476376e-02,-5.906797297335136809e-02,-4.566301895314571480e-02,-4.703389416916697874e-02,-7.288244071300707672e-02,-9.696757812722495151e-02,-6.424522590990854043e-02,-9.425857897191244894e-02,-1.039378388116483920e-01,-1.231359738456637987e-01,-1.046362643030144535e-01,-1.037417811549419533e-01,-1.160790625313101732e-01,-1.194555629814460507e-01,-1.226432179293233810e-01,-1.453978942056794454e-01,-1.318497900222813102e-01,-1.306324773543843243e-01,-1.165311267851235622e-01,-9.683118216391509159e-02,-1.004576036140225892e-01,-6.730972475819047007e-02,-7.932743118954761752e-02,-8.983185995805527402e-02,-9.495796662864154636e-02,-9.123949433936939801e-02,-8.530987544748749873e-02,-7.132746867560735282e-02,-4.033186666598764791e-02,5.741703135909922984e-02,1.893542548595425756e-01,2.873385658010482180e-01,3.843346414502620823e-01,3.585836558922171902e-01,2.896459169532865641e-01,8.549115078485511887e-01,1.476227939547015033e+00,7.940569949450375642e-01,2.885142467246026299e-01,1.346285602841668094e-01,5.115714014554750833e-02,3.278928552067461588e-02,6.973215478067174011e-04,-1.732567061887670123e-02,-4.683141949873786958e-02,-1.733285474895591982e-02
2.499999944120649860e-03,-2.437499945517629038e-02,-4.109374908148311079e-02,-6.527343697234755382e-02,-7.131835987638623919e-02,-4.782958929854430608e-02,-7.445739732463607652e-02,-6.861435100753965344e-02,-4.465358760287330142e-02,-7.241339809281122086e-02,-8.560335127408924549e-02,-7.640083752049908750e-02,-9.160021101925250320e-02,-8.290005420767634914e-02,-6.822501295587263259e-02,-6.705625305270364322e-02,-5.176406248086494466e-02,-4.294101494966398591e-02,-6.573525250807019105e-02,-5.393381228882722367e-02,-3.848345251341325768e-02,-4.712086275582428457e-02,-6.678021539093284553e-02,-7.712499012261933573e-02,-7.952368994481937015e-02,-8.592705612363313317e-02,-8.754113641873473295e-02,-6.016398768250016960e-02,-6.117384272472031065e-02,-5.296269884992631238e-02,-4.522726798129328429e-02,-6.770638032275499985e-02,-6.701386540760115307e-02,-6.755622431543846507e-02,-9.165508661396151724e-02,-1.023170193377307136e-01,-1.138409466878367304e-01,-1.088872015807974547e-01,-9.129851833815247342e-02,-9.923180882095017363e-02,-1.296323424676028846e-01,-1.267388360226891497e-01,-1.507556263736074542e-01,-1.313642517758206729e-01,-1.137943666684825272e-01,-1.228189866122652851e-01,-1.130456288128358633e-01,-1.104127549744959302e-01,-1.501031883338420636e-01,-6.252579745598954575e-02,3.436855138106067326e-02,1.210921395216457974e-01,1.402730361470101439e-01,2.425682623150079986e-01,2.681420614064268793e-01,3.895355020895732712e-01,2.148838775526765721e-01,2.362209639119924043e-01,4.915552308452084684e-01,3.603888121816504753e-01,3.157222095274177520e-01,2.726805501466802450e-01,2.431701326937926455e-01,1.657925336204829903e-01,1.789481363853529794e-01,2.347370317121524608e-01,3.124342543517594217e-01,3.031085576274754056e-01,4.832771382147759698e-01,5.558192962511054880e-01,1.889548229451892825e-01,1.078637043812229745e-01
4.037500023841857910e-01,4.009375148452818394e-01,1.027343786554411054e-01,3.318359496188350022e-02,4.079589894536184147e-02,7.698974326558527537e-03,-5.557525746144165169e-02,-7.639381622800556215e-02,-6.409845398249558457e-02,-4.102461293683035137e-02,-1.525615312244887889e-02,-8.814038168853509034e-03,-1.470350879715531106e-02,4.132412272620536453e-02,3.533103012275779636e-02,8.832757530689447356e-03,-2.779180994677538444e-02,-3.944795222592352435e-02,-5.236198850351571343e-02,-7.059049816896020846e-02,-8.514762722444907395e-02,-7.628690837073419384e-02,-5.157172683191323104e-02,-2.457725723165279930e-02,4.524756478871402865e-02,8.426834148070587449e-02,9.204573246812167153e-02,9.706968084716632861e-02,1.003022678587432437e-01,8.913055249536028235e-02,6.917313533148167215e-02,6.965647277017682215e-02,7.837585828398727084e-02,7.503645518594748154e-02,4.825370136132778320e-02,2.295527777505651512e-02,2.509418591591898451e-02,2.404652278804079654e-02,2.177685155516687759e-02,1.975027292729870237e-02,-1.009840190469857117e-02,-1.698987627882420082e-02,-1.784490834576055174e-02,-4.265549602831941040e-02,-5.963924203744913610e-02,-2.015449398366457590e-02,7.194619552888510683e-02,1.538398915941467937e-01,2.059599733455715342e-01,2.514899963166251640e-01,2.903725019103769456e-01,2.600931254775942780e-01,4.350232712366089438e-01,7.712558118486877445e-01,7.553139678633331577e-01,5.863285003104835580e-01,4.490821308890737829e-01,2.747705342123846206e-01,2.136926331060613193e-01,1.784231601391604860e-01,1.171057916739178528e-01,1.317764507497001247e-01,2.254441153696340738e-01,2.213610298109839891e-01,1.203402587938504908e-01,2.050850691688109739e-01,3.612712696763885623e-01,4.978178162270042728e-01,4.869544510765188017e-01,5.917386115770367772e-01,7.379346415693767147e-01,4.454211574121119677e-01
