nan,nan,nan,nan,nan,nan,nan,nan,nan,nan,nan,nan,nan,nan,nan,nan,nan,nan,nan,nan,nan,nan,nan,nan,nan,nan,nan,nan,nan,nan,nan,nan,nan,nan,nan,nan,nan,nan,nan,nan,nan,nan,nan,nan,nan,nan,nan,nan,nan,nan,nan,nan,nan,nan,nan,nan,nan,nan,nan,nan,nan,nan,nan,nan,nan,nan,nan,nan,nan,nan,nan,nan
nan,nan,nan,nan,nan,nan,nan,nan,nan,nan,nan,nan,nan,nan,nan,nan,nan,nan,nan,nan,nan,nan,nan,nan,nan,nan,nan,nan,nan,nan,nan,nan,nan,nan,nan,nan,nan,nan,nan,nan,nan,nan,nan,nan,nan,nan,nan,nan,nan,nan,nan,nan,nan,nan,nan,nan,nan,nan,nan,nan,nan,nan,nan,nan,nan,nan,nan,nan,nan,nan,nan,nan
nan,nan,nan,nan,nan,nan,nan,nan,nan,nan,nan,nan,nan,nan,nan,nan,nan,nan,nan,nan,nan,nan,nan,nan,nan,nan,nan,nan,nan,nan,nan,nan,nan,nan,nan,nan,nan,nan,nan,nan,nan,nan,nan,nan,nan,nan,nan,nan,nan,nan,nan,nan,nan,nan,nan,nan,nan,nan,nan,nan,nan,nan,nan,nan,nan,nan,nan,nan,nan,nan,nan,nan
nan,nan,nan,nan,nan,nan,nan,nan,nan,nan,nan,nan,nan,nan,nan,nan,nan,nan,nan,nan,nan,nan,nan,nan,nan,nan,nan,nan,nan,nan,nan,nan,nan,nan,nan,nan,nan,nan,nan,nan,nan,nan,nan,nan,nan,nan,nan,nan,nan,nan,nan,nan,nan,nan,nan,nan,nan,nan,nan,nan,nan,nan,nan,nan,nan,nan,nan,nan,nan,nan,nan,nan
nan,nan,nan,nan,nan,nan,nan,nan,nan,nan,nan,nan,nan,nan,nan,nan,nan,nan,nan,nan,nan,nan,nan,nan,nan,nan,nan,nan,nan,nan,nan,nan,nan,nan,nan,nan,nan,nan,nan,nan,nan,nan,nan,nan,nan,nan,nan,nan,nan,nan,nan,nan,nan,nan,nan,nan,nan,nan,nan,nan,nan,nan,nan,nan,nan,nan,nan,nan,nan,nan,nan,nan
nan,nan,nan,nan,nan,nan,nan,nan,nan,nan,nan,nan,nan,nan,nan,nan,nan,nan,nan,nan,nan,nan,nan,nan,nan,nan,nan,nan,nan,nan,nan,nan,nan,nan,nan,nan,nan,nan,nan,nan,nan,nan,nan,nan,nan,nan,nan,nan,nan,nan,nan,nan,nan,nan,nan,nan,nan,nan,nan,nan,nan,nan,nan,nan,nan,nan,nan,nan,nan,nan,nan,nan
nan,nan,nan,nan,nan,nan,nan,nan,nan,nan,nan,nan,nan,nan,nan,nan,nan,nan,nan,nan,nan,nan,nan,nan,nan,nan,nan,nan,nan,nan,nan,nan,nan,nan,nan,nan,nan,nan,nan,nan,nan,nan,nan,nan,nan,nan,nan,nan,nan,nan,nan,nan,nan,nan,nan,nan,nan,nan,nan,nan,nan,nan,nan,nan,nan,nan,nan,nan,nan,nan,nan,nan
nan,nan,nan,nan,nan,nan,nan,nan,nan,nan,nan,nan,nan,nan,nan,nan,nan,nan,nan,nan,nan,nan,nan,nan,nan,nan,nan,nan,nan,nan,nan,nan,nan,nan,nan,nan,nan,nan,nan,nan,nan,nan,nan,nan,nan,nan,nan,nan,nan,nan,nan,nan,nan,nan,nan,nan,nan,nan,nan,nan,nan,nan,nan,nan,nan,nan,nan,nan,nan,nan,nan,nan
-1.666087657213210713e-02,-2.079358929768204689e-02,-2.338111551944166422e-02,-1.374113597557879984e-02,2.724920886976178735e-03,2.091467998070584144e-02,3.691776949699487886e-02,2.056747478832221532e-03,2.818105693307870752e-03,2.691392087083244178e-02,2.941484676403760545e-03,-2.358844151680594692e-02,-1.757803378151090792e-02,7.407246610407453025e-03,2.867934445065369736e-02,9.690286862234798182e-02,5.379465383137396750e-02,5.005862790307683691e-02,6.932206694772163891e-02,8.633829970096627837e-02,6.185392244247297361e-03,-2.919236609002259786e-02,-3.721549185281074895e-02,-2.875928513312110690e-02,-7.403898815571689947e-03,9.767011315807840738e-03,3.088025968816167366e-03,-2.083517922174277920e-02,-4.168850216297662059e-03,3.259898842423450405e-02,3.061656218282702430e-02,2.804055002583146633e-02,2.234215506601602147e-02,3.771530425471134734e-02,5.344276027362065279e-02,7.114492703596879408e-02,1.172240776298446724e-01,9.770827249879646126e-02,6.359897652472060181e-02,2.930791211737941021e-02,3.359980392608481053e-02,-8.127221749481590082e-03,-5.376216409574457317e-03,1.327248233979679351e-02,6.711356420920724930e-02,7.604579367887585872e-02,4.810162382486365268e-02,4.460798606813674849e-02,5.865199592098773590e-02,7.216300002332821928e-02,1.005407532840875140e-01,1.226351921953237889e-01,1.006588002094993273e-01,1.051647001268806447e-01,1.187911724985227652e-01,9.219779079632425822e-02,4.554944766182816851e-02,8.888736251150350376e-02,8.972184331008489777e-02,6.993046255978122017e-02,2.623261544436756437e-02,1.780815360963479421e-02,1.445203817889128065e-02,3.613009544722819294e-03,1.840325246068651513e-02,5.710081287302776892e-02,3.927520265946340267e-02,1.048187994727729638e-01,9.120470027797517032e-02,1.780117518125250153e-02,2.195029340415764404e-02,1.632235387273025390e-02
-3.050068579614162098e-02,-2.238830039277672768e-02,-3.193152009043843248e-02,-3.402376887970604696e-02,-1.088055122090736751e-02,-2.396458036128024105e-02,-2.673130301491255523e-02,-3.009532952148674667e-02,-2.213703561906754658e-02,-1.263797865332350057e-02,-9.959737828674875004e-03,2.798606859817366968e-03,-1.407573296820763264e-02,-7.626270221411296513e-03,1.147573690445743283e-02,9.178536984961535236e-03,2.681178926580679925e-02,6.138316681863996427e-02,6.625685026576452058e-03,-1.005381482520939507e-02,5.758391816965635623e-03,9.011030228076352677e-03,-1.876059639425626049e-02,-2.957567682994914626e-02,-2.450551574244725500e-02,-4.984863781634625568e-02,-4.537726410032227875e-02,-2.776643455103267044e-02,-8.450972400792513065e-03,3.741484014270679906e-03,-1.524435126456668774e-02,-1.578104552056466478e-02,-2.716270357342002138e-03,2.307554681599850027e-02,5.159825313091456062e-02,3.103817031532570686e-02,2.251523072086285965e-02,1.705856595700609712e-02,-1.545921031967727524e-03,-1.985144989300170054e-02,1.067797559845347875e-02,-1.216356246832038003e-02,-3.048371284992253821e-02,-2.242806773580797997e-02,2.714905832907137800e-02,2.220034399305924333e-02,2.104077286844488123e-02,5.725954748070144137e-04,1.014314864518433418e-02,4.003578632310576119e-02,4.000894591022418484e-02,6.250223670107346585e-02,7.812556103791351569e-02,6.453139018497257295e-02,3.613284709920830395e-02,1.403321166304336703e-02,2.600830287850793704e-02,2.900207614803537032e-02,2.250519148767551533e-03,8.062629619553823151e-03,9.515657237250389755e-03,-2.262108513189385606e-02,-4.065527050066249787e-02,-5.766381702911917151e-02,-5.441595429453269239e-02,-3.360398812659833728e-02,-2.340099669637345919e-02,6.649750546509862817e-03,9.162437468989401840e-03,2.229060892021251378e-02,2.807265172713893642e-02,-1.560700818197454168e-02
-2.357333898544311870e-02,-3.306079679168761470e-02,-2.952130098128691663e-02,-4.237984716019128212e-02,-1.696967202951782383e-02,8.038496925109940919e-03,1.980274737593390802e-02,1.500994533711264012e-02,4.687929662040346557e-03,1.544058124093084178e-03,9.861267587758071329e-03,1.409262289905788279e-03,-3.665691337975257591e-02,-3.298482695468364645e-02,-3.027918568315133077e-02,-2.775113844886924891e-02,-4.230545508120334836e-02,-5.596656364017197488e-02,-6.748920682026313123e-02,-6.188067142653804614e-02,-3.921146854010308658e-02,-3.959355450979641644e-02,-8.500582711724383178e-02,-8.943658877618099190e-02,-7.727659818829840654e-02,-7.658639445230798481e-02,-8.161183234136659692e-02,-7.323523371438522833e-02,-5.238580853434984808e-02,-3.668007711120591791e-02,-4.241569105113085492e-02,-9.352177259386917907e-03,-8.826758407208656204e-04,2.834172314796216258e-02,3.259478730806054242e-02,2.449937220128462281e-02,1.087345755525451207e-02,-2.277318477896844023e-02,-2.665086066416898214e-02,-2.927421586139003495e-02,-3.811694633569071011e-02,-5.923737014732198547e-02,-8.907409614672619214e-02,-9.003519044903506019e-02,-5.112555707267818494e-02,-2.974545720597579490e-02,-1.447565107980239990e-02,-1.700829365151342726e-02,-2.425207296584352273e-02,1.393698131150428350e-02,4.201189917150617570e-02,6.313853721627297327e-03,-2.382742925190999526e-03,4.395962314805535592e-02,1.034899046508002962e-01,1.462247641415716920e-02,-1.009438058912425808e-02,-5.023595091401709609e-03,-1.375589895911494276e-02,-4.843897466527292972e-02,-7.210974232521372151e-02,-8.052743558130343038e-02,-9.513186001291294713e-02,-1.062829645561934044e-01,-8.157074270367027646e-02,-5.789268530338853580e-02,-6.697317154936455186e-02,-6.424329322261726483e-02,-4.106082367818334605e-02,-2.026520569602841687e-02,-3.256630080933420324e-02,-2.903490961341820276e-02
-4.386277683079242706e-02,-5.543581163510680199e-02,-4.206228104885668256e-02,-4.277274719788692892e-02,-4.205770501721417531e-02,1.372592549341788981e-02,1.561186119806734496e-02,-1.215143261504181282e-02,-2.127809483098985766e-02,9.269136852800841098e-03,1.198517622222006022e-02,-2.538427827465162059e-02,-2.450561087009217598e-02,-3.177450721009797419e-02,-3.577040725584880454e-02,-4.209291197641704119e-02,-3.316798063065611729e-02,-3.941549128404757407e-02,-5.895704381444806172e-03,3.471953706746605528e-03,-7.018671233534681808e-02,-1.096584090319272509e-01,-1.004826473376899121e-01,-1.019082397764362047e-01,-1.089760985360899853e-01,-1.029045551117847151e-01,-9.540095476052636025e-02,-8.467710557764140944e-02,-4.456889671133301700e-02,-1.640712852787559739e-02,-6.710551705240173914e-03,-2.709290432465050885e-02,-2.110752395123179428e-03,3.495555950171502085e-02,1.081226910890825677e-02,-4.256019798233685869e-02,-4.663703232336684212e-02,-3.173999515195351229e-02,-1.339298819382901337e-02,-5.033505046089469664e-02,-8.639990931679800146e-02,-8.305350044352310945e-02,-7.990108082439129067e-02,-9.255423123574660349e-02,-8.608013788843256464e-02,-3.181578225141788729e-02,-2.163667699010676446e-02,-3.281918750532345636e-02,-1.570479670869279892e-02,-1.426199233052554208e-03,-1.285654952886636573e-02,-2.571413687930240027e-02,-2.892853371691140804e-02,-1.348213305669881956e-02,2.924457625553364415e-03,-3.417890414943164368e-02,-4.604472659615145569e-02,-7.901118246860172611e-02,-1.197527961759439763e-01,-7.493819803815761349e-02,-6.623454891349295215e-02,-8.655863752639646191e-02,-1.166396600521513727e-01,-1.091599150875436491e-01,-1.097899783248510869e-01,-8.994749644385792442e-02,-7.498687433448189554e-02,-7.374671828559725695e-02,-6.593667850969157918e-02,-3.898416912450870103e-02,-3.474604172233362875e-02,-3.965220419124668161e-02
-4.398392699658870697e-02,-4.042640002444386482e-02,-3.829587635118514299e-02,-4.032115548034198582e-02,-2.354471502621890977e-02,5.515838680366869085e-03,-1.223132883069411037e-02,-1.838303947090480506e-02,-7.316764521448249070e-03,-1.512518853019884091e-02,-1.117208914848966117e-02,1.324256151444514265e-02,2.601003557326098808e-02,-3.831721492141063057e-02,-8.882357092581583125e-02,-1.139323029341359761e-01,-8.935204119538414647e-02,-1.044348244767763778e-01,-7.472994898511416129e-02,-9.678241417992473894e-02,-1.119921482011386749e-01,-1.213127517800705879e-01,-1.168214230264519038e-01,-1.011638920387947227e-01,-8.942495984041004542e-02,-7.546851772120422019e-02,-7.660091665399776373e-02,-7.737461663040694215e-02,-5.468567414023771389e-02,-2.249587894720222678e-02,-7.697348117949717392e-04,-1.278714566976135378e-02,-5.271875372044818042e-02,-1.186328911660258084e-02,2.060541005462868808e-02,6.995585415587979305e-03,-4.477049861008272624e-02,-5.853626710338976497e-02,-3.923747460584736668e-02,-6.880491728718304834e-02,-9.446037686153060942e-02,-9.252662801813038573e-02,-7.233695926534869369e-02,-7.673133783605629032e-02,-9.927468156582844316e-02,-7.156073806376936353e-02,-4.724534075133920291e-02,-4.542355759857327063e-02,-5.385588891535557365e-02,-4.848849503256270899e-02,-1.467116854602443232e-02,2.383220818014356729e-02,-1.654194745204991615e-02,-3.034049571251408797e-02,2.250485606318827422e-02,9.562621107281772670e-02,-4.843446589182988371e-03,-6.210861535537037272e-03,-4.655271437805588025e-02,-9.413817814747914292e-02,-1.085345454309394608e-01,-1.396336333775026195e-01,-1.236584056621666400e-01,-1.034146011920242386e-01,-9.585365059602928006e-02,-8.896341212746668170e-02,-9.474085467099439828e-02,-8.118521564215246122e-02,-6.029630394779102176e-02,-5.007407520463678929e-02,-4.251851813060694707e-02,-6.162561038772924188e-02
-5.959277739748358727e-02,-3.761205764021724463e-02,-5.961409755400381982e-02,-6.634737407875945792e-02,-5.633758345175010618e-02,-5.943943178635891639e-02,-6.131543496246649738e-02,-5.494296317360181092e-02,-7.455582030580387709e-03,2.363898678456881515e-04,-6.779945062502346076e-03,-2.605270933779679776e-02,-3.543572911166301131e-02,-2.706061313187865108e-02,-7.866702417442150708e-02,-1.463361554838939205e-01,-1.264428995797466093e-01,-8.375381995611963504e-02,-9.941336405618383942e-02,-9.865570693548370018e-02,-5.417370999066990767e-02,-4.226311719469467987e-02,-5.132344098402122357e-02,-7.723615996915364490e-02,-1.237473020525730327e-01,-1.127638085328528383e-01,-9.839922409859769292e-02,-7.421075095511345254e-02,-3.188296200031257716e-02,-1.650610420093479372e-03,7.556601091477883891e-03,-4.102604681644499152e-02,-6.777438110210910749e-02,-4.167542596930864929e-02,-1.471447197167725235e-02,-5.398186854414306624e-02,-2.701805264072408910e-02,-2.693175480779705019e-02,-6.693317543967738925e-02,-8.869227531429174638e-02,-8.751465321301431233e-02,-8.078248132198802278e-02,-5.463975780688164197e-02,-6.439672997465341331e-02,-6.533716952023559121e-02,-7.138303005501045462e-02,-7.732073983501497327e-02,-8.022062299388424411e-02,-7.005515649352911378e-02,-6.501379038998097992e-02,-6.375344793277137878e-02,-1.843836146165220291e-02,3.539041153448500149e-02,-1.152396892861331720e-03,9.711900553267248729e-03,3.742797435600584560e-02,3.935699291844920594e-02,-5.160751435111569918e-03,-1.879018700196111863e-02,-9.697545707408997823e-03,-9.367438508574774114e-02,-1.009185959361608154e-01,-8.022964868601697996e-02,-9.755741276755069968e-02,-9.688935296837025701e-02,-6.672233822346611276e-02,-4.918058429509620383e-02,-5.729514599926824325e-02,-3.682378599690287052e-02,-4.170594623845540194e-02,-8.542648581455579426e-02,-7.625481490894017722e-02
-1.179516874253749847e-01,-1.298548681661486626e-01,-1.254488516133278608e-01,-1.331857998738996685e-01,-1.582230505737243220e-01,-1.489822834082588088e-01,-1.300198931085105869e-01,-1.066058625426649087e-01,-8.362904686845240576e-02,-5.973858370536788698e-02,-3.607491772411819397e-02,-5.176784004032253250e-02,-6.652250862434416767e-02,-8.528548845726975636e-02,-1.074033835755753841e-01,-1.265434401538712006e-01,-1.158094835109199638e-01,-9.338530759828005123e-02,-5.702715146247723521e-02,-2.988099379670912728e-02,-1.875627594585789829e-02,-4.424969617872330507e-02,-8.712586329467320034e-02,-1.213385675502002825e-01,-1.002243717300936726e-01,-9.943411771923416076e-02,-9.607853808619111480e-02,-7.836026715392253872e-02,-6.692506190924440990e-02,-4.802025203726836833e-02,-1.633262913940387168e-02,-1.046378281965364317e-02,-4.821009218010929853e-02,-7.318080037661797710e-02,-1.060669361795693738e-01,-1.185095285809464744e-01,-6.891420981378425237e-02,-8.580939596168962735e-02,-1.320752616357623588e-01,-1.253849669206097417e-01,-9.884624441236145032e-02,-9.233330534093053821e-02,-9.082681212870397092e-02,-8.846697279326150298e-02,-9.102870168415713725e-02,-1.138938246720234693e-01,-1.354470334587792868e-01,-1.248936971559698461e-01,-8.872342626339632665e-02,-7.218085731090714829e-02,-8.304521473750872684e-02,-6.576130267854879419e-02,-5.644032477556752692e-02,-2.911008085861575834e-02,7.722479450069933554e-03,-5.693805472644503096e-04,-4.264234558385095186e-02,-6.066058620969821957e-02,-4.766514582599294669e-02,-5.691628545066985956e-02,-1.342290686804584465e-01,-1.535572644879056037e-01,-1.358893144083428706e-01,-5.897232897461474055e-02,-2.243082523050456654e-03,-2.556077007196906614e-02,-5.139019244348645710e-02,-8.534754974999934907e-02,-7.883688941190369892e-02,-5.720922291176946950e-02,-7.180230490837849477e-02,-1.124384956992525719e-01
-1.475000046193599701e-01,-1.418750016018748283e-01,-1.429687521886080503e-01,-1.632421893882565200e-01,-1.833105455589247867e-01,-1.608276384758937638e-01,-1.577069093209502171e-01,-1.519267318005859124e-01,-1.379816863029077467e-01,-1.169954211286921009e-01,-1.167488537920569058e-01,-9.668721613022324135e-02,-1.016718046286022581e-01,-1.154179491454938034e-01,-1.113544868393386150e-01,-1.228386186550966125e-01,-1.257096534716812819e-01,-1.339274124738506488e-01,-1.184818502872420354e-01,-9.462046205026986012e-02,-1.036551155870732710e-01,-1.184137763635709217e-01,-1.321034431968230449e-01,-1.416512504347686718e-01,-1.327245682509870517e-01,-1.199447121479146477e-01,-1.068291845733432277e-01,-1.004848954035467978e-01,-1.089143890130924025e-01,-1.028701166433196867e-01,-7.620433221563949200e-02,-7.906103755112800502e-02,-6.991477465896883681e-02,-7.405052559144566227e-02,-9.778797310234921270e-02,-1.086404688200399704e-01,-1.261589674165110864e-01,-1.378861627978648086e-01,-1.731130769352755283e-01,-1.640817408884724382e-01,-1.520614968022992453e-01,-1.185450453629416784e-01,-1.027011678633670683e-01,-8.932168672525833686e-02,-8.409183631351578592e-02,-9.652951399487999518e-02,-9.258908415834790628e-02,-8.407495266447634341e-02,-8.851874084832810075e-02,-9.212968737275040176e-02,-9.803242296077468998e-02,-9.450810603821689637e-02,-8.362702516844972012e-02,-8.090675495100792258e-02,-8.522668821621133539e-02,-7.880667263147282664e-02,-5.720166871666174796e-02,-7.680041904181059143e-02,-9.170010639958037224e-02,-1.254250294311157199e-01,-1.088562579538253916e-01,-1.047140650845027887e-01,-1.161785142594689291e-01,-9.904462886289044921e-02,-1.072611567686877765e-01,-1.393152899372299969e-01,-1.198288215157320286e-01,-1.224572028457356077e-01,-1.231142981782364920e-01,-1.082785751406055708e-01,-1.095696470634068553e-01,-1.392674159009239521e-01
-1.599999964237213135e-01,-1.599999964237213135e-01,-1.624999977648258209e-01,-1.756250010803341866e-01,-1.939062525052577257e-01,-1.959765640203841031e-01,-1.889941416011424735e-01,-1.847485383805178571e-01,-1.836871338500714046e-01,-1.709217834625178511e-01,-1.527304434069378658e-01,-1.281826088400777053e-01,-1.220456501983626652e-01,-1.255114113574977708e-01,-1.288778529883860546e-01,-1.072194625020384540e-01,-9.930486353934704635e-02,-1.248262136496625790e-01,-1.362065538594504632e-01,-1.265516396569555113e-01,-9.913791259644788578e-02,-1.047844800862629266e-01,-1.336961218097050819e-01,-1.520126829141934810e-01,-1.602657603620132043e-01,-1.463331398218532531e-01,-1.271687737814997665e-01,-1.018771489886545756e-01,-1.290561062700575357e-01,-1.351906012149409753e-01,-1.233293252848524924e-01,-1.193112374013398924e-01,-1.090830866412752509e-01,-1.113017649431137651e-01,-1.305667199437595682e-01,-1.781221823827618678e-01,-1.785785418484656661e-01,-1.594154148482791744e-01,-1.476914413070557486e-01,-1.750488648140400283e-01,-1.409933379372946827e-01,-1.267252964546529415e-01,-1.249927754891476950e-01,-1.155569336238642941e-01,-1.346066875115816963e-01,-1.250190898243532800e-01,-9.367150662998224853e-02,-1.130320537802076974e-01,-1.132580124764764606e-01,-1.083145031936249281e-01,-1.195786232652088360e-01,-1.273946522400235259e-01,-1.218486610483491273e-01,-1.154621661561569534e-01,-1.288655411665102224e-01,-1.272163840995346740e-01,-1.393040978130229979e-01,-1.473260289236041076e-01,-1.568315119992726159e-01,-1.692078806820271619e-01,-1.623019674882977825e-01,-1.480754899349235043e-01,-1.395188715896611975e-01,-1.323797166494430355e-01,-8.559492845455560217e-02,-1.376487311450634299e-01,-1.144121847234168127e-01,-1.461030496081212604e-01,-1.590257647862161061e-01,-1.497564443257978772e-01,-1.474391104854030354e-01,-1.568597749391417440e-01
-1.774999983608722687e-01,-1.768750036135315895e-01,-1.767187512014061213e-01,-1.916796849691309035e-01,-2.004199173679808155e-01,-1.951049788949603681e-01,-1.962762456178097636e-01,-1.940690609574176051e-01,-1.960172661334240729e-01,-1.790043154902747347e-01,-1.472510779784990120e-01,-1.393127686005550814e-01,-1.423281939382781136e-01,-1.280820459513721254e-01,-1.220205113388314333e-01,-1.330051269406381798e-01,-1.357512808410898664e-01,-1.289378227434698765e-01,-8.973445486630360346e-02,-8.243361423811654265e-02,-1.056084044535988142e-01,-1.339021029015390329e-01,-1.559755281095705493e-01,-1.743846666188290095e-01,-1.632006461762202376e-01,-1.580942644512358386e-01,-1.491647604563758334e-01,-1.442862101758252968e-01,-1.701310338667216815e-01,-1.657685652894572148e-01,-1.541377570609945846e-01,-1.476905076796983241e-01,-1.501818939818733711e-01,-1.211731593999711976e-01,-1.507651994922123428e-01,-1.725627007657876133e-01,-1.763197772844282696e-01,-1.797086445774547236e-01,-1.722930669358847533e-01,-1.545036844802766263e-01,-1.626057131189323768e-01,-1.458628054235929505e-01,-1.264253656261800363e-01,-1.262289161531537363e-01,-1.491939766965411363e-01,-1.425031490316515659e-01,-1.265451794413359199e-01,-1.240757787115283617e-01,-1.335189437838124049e-01,-1.483797380321156822e-01,-1.645949321238431295e-01,-1.686487306467749914e-01,-1.421621804265195688e-01,-1.430405468947692493e-01,-1.432601385118316695e-01,-1.358150323927837522e-01,-1.439537575021495042e-01,-1.584884380344328547e-01,-1.796221101046546753e-01,-2.024055263340707733e-01,-1.956013811364828436e-01,-1.889003458801671587e-01,-1.722250864700417827e-01,-1.705562766839052447e-01,-1.576390712571388852e-01,-1.644097678142847074e-01,-1.811024462749079023e-01,-1.827756145489592143e-01,-1.581939081075881548e-01,-1.520484814972453969e-01,-1.655121217154158497e-01,-1.907530267408165670e-01
-1.725000012665987015e-01,-1.481250007636845112e-01,-1.745312531711533666e-01,-1.836328138888347894e-01,-1.759082061544177122e-01,-1.664770501974999206e-01,-1.691192638904794876e-01,-1.847798179097708271e-01,-2.111949573086633614e-01,-1.902987423073980722e-01,-1.575746887060933688e-01,-1.493936715804768944e-01,-1.448484159579682684e-01,-1.312121027973991716e-01,-1.478030240602220546e-01,-1.394507551209858420e-01,-1.448626881842000058e-01,-1.637156771124447796e-01,-1.584289227053782834e-01,-1.508572326134955122e-01,-1.177143100905248263e-01,-1.194285773736196016e-01,-1.273571444924165297e-01,-1.280640486224365604e-01,-1.508063145812320871e-01,-1.449532712086033792e-01,-1.491056545223790331e-01,-1.721940900794167728e-01,-1.818323387680326753e-01,-1.735367092981406900e-01,-1.572657876584546977e-01,-1.380522599660758687e-01,-1.286369593402595379e-01,-1.307063445811681712e-01,-1.607256542981965464e-01,-1.764288249448265344e-01,-1.627951451350084233e-01,-1.543840514672009112e-01,-1.456989173355750233e-01,-1.461265416011972296e-01,-1.594989046719114678e-01,-1.372088167882571652e-01,-1.414878324622067252e-01,-1.572168607501723547e-01,-1.421291862673694506e-01,-1.265079275952561422e-01,-1.364993725266750446e-01,-1.334352803490235218e-01,-1.358588191931862088e-01,-1.789647006259714179e-01,-1.597411735173651093e-01,-1.524352941243993231e-01,-1.556088232330766208e-01,-1.514022028280369025e-01,-1.778505513030556595e-01,-1.694626415510541995e-01,-1.573656624739261101e-01,-1.818414175556324619e-01,-2.004603518557107056e-01,-1.951150912421831252e-01,-1.787787754927547823e-01,-1.671946925320841881e-01,-1.692986744741255545e-01,-1.748246689165546264e-01,-1.862061654409993272e-01,-1.840515406151917721e-01,-1.685128875379837410e-01,-1.546282263548443003e-01,-1.636570603140013735e-01,-1.834142670156513055e-01,-1.833535660088547736e-01,-1.939633885406079061e-01
-1.499999985098838806e-01,-1.674999985843896866e-01,-1.468750000931322575e-01,-1.492187507683411241e-01,-1.673046903742942959e-01,-1.718261752757825889e-01,-1.654565424778411398e-01,-1.763641372585880163e-01,-1.690910361772921533e-01,-1.272727599383927100e-01,-1.293181901336097894e-01,-1.273295463413095518e-01,-1.318323843501532089e-01,-1.004580950444570187e-01,-1.076145233140794188e-01,-1.144036293384037423e-01,-1.286009050994267600e-01,-1.296502264238683089e-01,-1.149125561589322553e-01,-1.062281396357795116e-01,-9.905703654807260228e-02,-9.976425839196009782e-02,-7.994106336864423290e-02,-6.686675902315127040e-02,-6.364439516293045329e-02,-5.459577146675943099e-02,-6.715029180920809027e-02,-1.138371035478430160e-01,-1.434893522417028111e-01,-1.487043031492699952e-01,-1.560508975992319358e-01,-1.486187743546991957e-01,-1.356018003672964656e-01,-1.217619116567226212e-01,-1.165657828366421650e-01,-1.233164044746672822e-01,-1.426519409450122677e-01,-1.509281348594086469e-01,-1.510391670318458890e-01,-1.451573294364416067e-01,-1.342404111465564376e-01,-1.209407709350375087e-01,-1.105714878020233882e-01,-1.301989031478153480e-01,-1.653230767112073007e-01,-1.634120340312792963e-01,-1.498442924312073377e-01,-1.444867932868827975e-01,-1.386216974276510139e-01,-1.596554280822030658e-01,-1.824138589577017355e-01,-1.631034644414022239e-01,-1.382758625340718694e-01,-1.395689623552625047e-01,-1.623922382046298352e-01,-1.730980598491806965e-01,-1.645245185385738607e-01,-1.736311299326666890e-01,-1.609077821851434553e-01,-1.552269476324484310e-01,-1.563067366100888700e-01,-1.540766862386847846e-01,-1.610191702185666818e-01,-1.702547952368506923e-01,-1.675637025345029507e-01,-1.468909260806605666e-01,-1.517227336063277088e-01,-1.704306874248954218e-01,-1.526076731228225569e-01,-1.181519183552114383e-01,-1.220379770556054566e-01,-1.330094915071865502e-01
-7.749999873340129852e-02,-8.687499864026904106e-02,-1.167187466053292155e-01,-1.291796844161581248e-01,-1.397949191668885760e-01,-1.199487288231466664e-01,-1.274871823547982785e-01,-1.443718000590479278e-01,-1.285929530695000267e-01,-9.714823774583436489e-02,-1.117870579463424718e-01,-1.104467640395507821e-01,-1.076116910843935015e-01,-1.019029238886854649e-01,-1.079757305251365374e-01,-1.169939306196273732e-01,-1.167484848900810224e-01,-1.366871230106596058e-01,-1.191717779214442746e-01,-9.729294343727978855e-02,-9.182323574756123818e-02,-5.545580914178127596e-02,-3.636395178253112870e-02,-2.575530936355307360e-02,-1.685117554238665938e-02,-3.689878712488022655e-02,-6.749485689002476807e-02,-8.453359332580914764e-02,-1.038316094053277072e-01,-1.258887363764765177e-01,-1.330411735498190362e-01,-1.213673223635375609e-01,-1.147278179620906668e-01,-1.303829347067873845e-01,-1.481249430520783228e-01,-1.487612413551273605e-01,-1.424538378215298717e-01,-1.574686774188395755e-01,-1.433821844203799212e-01,-1.278457698013268362e-01,-1.338271233386268966e-01,-1.215250388519582836e-01,-1.315437305901601406e-01,-1.433177043729562117e-01,-1.476769496931021053e-01,-1.399630246046529303e-01,-1.236431508631345155e-01,-1.290732785903125068e-01,-1.372683200946129556e-01,-1.393170804706880817e-01,-1.473292708627300662e-01,-1.618323177156825166e-01,-1.554580777897928978e-01,-1.363645195964598433e-01,-1.190911289305394971e-01,-1.197727802209781200e-01,-1.149431940866690594e-01,-1.112357980746324360e-01,-1.278089472834839369e-01,-1.369522372679058131e-01,-1.342380589444474304e-01,-1.260595122029144477e-01,-1.240148755175312090e-01,-1.135037184323479664e-01,-1.133759286395115140e-01,-1.058439808932791770e-01,-8.896099522331979426e-02,-1.072402478372544710e-01,-1.043100606927149232e-01,-8.357751621626001437e-02,-9.589438017165209660e-02,-1.033485933851588517e-01
-1.099999994039535522e-01,-9.749999828636646271e-02,-1.243749973364174366e-01,-1.410937468754127622e-01,-1.402734371658880264e-01,-1.450683624207158573e-01,-1.037670895620976808e-01,-1.134417709004083008e-01,-1.208604401919046722e-01,-1.152151090794006905e-01,-1.163037757797340532e-01,-1.090759440194393193e-01,-1.022689871224469194e-01,-1.005672478981988194e-01,-1.001418130921367944e-01,-1.050354533475399976e-01,-1.212588621447921178e-01,-1.303147151636689927e-01,-1.125786770027779049e-01,-9.064466925069447623e-02,-8.016116928707747724e-02,-4.004029280605710811e-02,-1.007342503169493531e-05,-4.534616660738238422e-03,-2.348755010507112828e-02,-5.248750301336647939e-02,-5.835150862642973779e-02,-4.413127976136617392e-02,-7.434994560350281778e-02,-9.538954268363442068e-02,-1.083787040672384849e-01,-1.017369524081965931e-01,-7.844881826242855460e-02,-9.331850922008616545e-02,-9.659951792632606726e-02,-1.066284306756532796e-01,-1.235433885929951292e-01,-1.491173299520703599e-01,-1.479479432694487950e-01,-1.205382101384891436e-01,-1.183223439417305789e-01,-1.120239443620548447e-01,-8.897845501801635026e-02,-9.722771509265221157e-02,-1.350444238975030964e-01,-1.511704321104879734e-01,-1.399550306399314492e-01,-1.122848917444459749e-01,-1.030712240536985902e-01,-1.207678048213317590e-01,-1.301919508328039099e-01,-1.200479862180848650e-01,-1.175119950644051003e-01,-1.243779957113632373e-01,-1.210944969161840551e-01,-1.127736237820111814e-01,-1.006934075846305232e-01,-9.267335178439892185e-02,-6.066833850489327523e-02,-6.016708455171751457e-02,-8.504176957330746023e-02,-1.137604398601294725e-01,-1.209401074318349617e-01,-1.027350266344413260e-01,-8.318375770169161854e-02,-8.079594087828612103e-02,-6.769898462352508250e-02,-6.442474649115739749e-02,-6.860618684630677422e-02,-1.021515457430012264e-01,-1.055378846476109633e-01,-9.388447011882145032e-02
-1.074999980628490587e-01,-9.687499795109033585e-02,-1.142187474761158228e-01,-1.010546857141889632e-01,-7.776367165206465870e-02,-9.694091850906261243e-02,-9.673523126639338443e-02,-1.066838073695635103e-01,-1.141709503522747582e-01,-1.185427355764119284e-01,-1.096356839686087881e-01,-1.124089200235767194e-01,-1.131022308999638515e-01,-1.207755589170838584e-01,-1.026938913683986959e-01,-1.256734743322157899e-01,-1.539183709672397316e-01,-1.159795905438886499e-01,-6.149489784086312888e-02,-5.287372501900932525e-02,-4.071843296838587034e-02,2.320391012845472722e-03,-6.191990410943377932e-02,-6.535507523928967000e-02,-6.967082193472705354e-02,-8.348088604951581226e-02,-7.416489600575139340e-02,-7.022464431682270969e-02,-9.119633251766126603e-02,-1.081956691154334904e-01,-8.767903761586780254e-02,-8.292118873824982916e-02,-9.361638604757763216e-02,-1.045364190617143613e-01,-1.127466292301550488e-01,-1.280068278590772435e-01,-1.504958041081809472e-01,-1.459851020964479384e-01,-1.329758888580525045e-01,-1.280642481172612479e-01,-1.345818534872067762e-01,-1.192302361225369700e-01,-9.857571572301991603e-02,-1.187095168983891835e-01,-1.402334787884343403e-01,-1.325303239981082404e-01,-1.179043743352032603e-01,-1.221296773190284068e-01,-1.130324188827222798e-01,-1.232581035285876814e-01,-1.408145234234553234e-01,-1.327036310048754497e-01,-1.456759122215672275e-01,-1.539189814826588676e-01,-1.459797471588040740e-01,-1.164949387268519737e-01,-1.316237337876433044e-01,-1.329059312117366609e-01,-1.332264824304051354e-01,-1.258066180744038809e-01,-1.214516525069442021e-01,-1.153629140208057291e-01,-1.313407276111317468e-01,-1.228351798911261755e-01,-9.820879579234541301e-02,-7.955219865006313285e-02,-7.738804884295191755e-02,-7.934701273227862117e-02,-9.483675430065674483e-02,-1.037091886496699922e-01,-1.134272956723013925e-01,-1.102318231357643924e-01
-1.350000016391277313e-01,-1.312499968335032463e-01,-1.328124969732016325e-01,-1.282031249138526618e-01,-1.145507807814283296e-01,-1.286376929601829033e-01,-1.296594233890573378e-01,-1.174148548786888568e-01,-1.118537132726373784e-01,-8.796342977102256100e-02,-8.199085610165113280e-02,-1.079977125352966638e-01,-1.069994282083299719e-01,-1.042498576481289407e-01,-1.035624650080786968e-01,-1.058906181891706294e-01,-1.389726552923506997e-01,-1.572431662072734659e-01,-1.443107938614983654e-01,-1.210776974967991138e-01,-1.027694260133275028e-01,-9.569235866400024881e-02,-9.642309130512780047e-02,-9.702691853365080776e-02,-9.445821970780884924e-02,-5.658285718431124017e-02,-5.008758704183013943e-02,-9.558987828671314246e-02,-8.221615647606397848e-02,-3.119894019721037443e-02,-3.947196317702056367e-02,-6.539855192847431054e-02,-8.491138937758252458e-02,-1.196610736913652218e-01,-1.435814042406074742e-01,-1.450695020337103014e-01,-1.232065054868459464e-01,-9.550540752944348954e-02,-1.043411713285669618e-01,-1.207696813206728531e-01,-1.367567707563652757e-01,-1.256986000752750576e-01,-1.060940930897072837e-01,-1.413021499826032923e-01,-1.314684646803517820e-01,-1.315258157123719573e-01,-1.541611480680504243e-01,-1.527456325284490823e-01,-1.356864045558335841e-01,-1.289215980842203513e-01,-1.322303972858809296e-01,-1.455575963412379936e-01,-1.288893965521120955e-01,-1.122223492125338368e-01,-9.555558812269732138e-02,-8.138889807375561392e-02,-1.003472264555898552e-01,-1.175868078059903593e-01,-1.093967038886485416e-01,-1.248491761211737439e-01,-9.871229391853472701e-02,-6.967807340512788272e-02,-7.991951835128197068e-02,-9.247988122694822399e-02,-1.031199703812428758e-01,-1.057799926698165249e-01,-1.089449977204192954e-01,-1.022362505476919203e-01,-1.180590601037255771e-01,-1.270147614496527078e-01,-1.242536878292157809e-01,-1.198134220690626611e-01
-1.425000019371509552e-01,-1.356250001117587090e-01,-1.339062477927654982e-01,-1.459765589679591358e-01,-1.314941366872517392e-01,-1.153735337247780990e-01,-1.188433870074732113e-01,-1.422108512222166610e-01,-1.155527147427051204e-01,-1.163881790582053100e-01,-1.065970453605977752e-01,-1.466492623832307274e-01,-1.366623152232786520e-01,-1.366655779117499914e-01,-1.616663958190420192e-01,-1.704166016369695336e-01,-1.601041538365094441e-01,-1.275260369690112416e-01,-1.468815076031250721e-01,-1.742203798810135207e-01,-1.385550975034507970e-01,-1.071387722897001321e-01,-1.217846900176869918e-01,-1.333145655679669750e-01,-1.475800687444201731e-01,-1.057424620258806125e-01,-8.753722534745927986e-02,-1.154672158911079216e-01,-1.094063844073377562e-01,-1.375831800398370219e-01,-1.022662573232536731e-01,-1.019308282229871854e-01,-1.314586255275599913e-01,-1.164905774301139701e-01,-8.458328551813582008e-02,-1.061768315900480236e-01,-1.227291507688441780e-01,-1.385122123650530668e-01,-1.485045728159899436e-01,-1.236105642485855749e-01,-1.048814339381515803e-01,-9.295891741767674243e-02,-9.582792724136299234e-02,-1.227523510778044114e-01,-1.317834438166045619e-01,-1.471225701590633261e-01,-1.576331948941016026e-01,-1.534067695514625407e-01,-1.258516908977495297e-01,-1.164629217558619118e-01,-1.266157305879770933e-01,-1.341539354782149140e-01,-1.185384829009782648e-01,-1.146346197566690955e-01,-1.011586565782950087e-01,1.971033764356558415e-02,2.249275906693790905e-01,1.062318965497576762e-01,2.405797652162521699e-02,2.660144920442437666e-01,5.865036188387358074e-01,6.391259118622412139e-01,2.022814746873048408e-01,-2.442963244576088280e-02,-9.360740662132410739e-02,-9.840185091027298103e-02,-7.460046160998115572e-02,-6.865011428490820633e-02,-1.021625276026515844e-01,-1.130406341358370786e-01,-1.407601630043076313e-01,-1.458150442155968785e-01
-1.399999968707561493e-01,-1.324999993667006493e-01,-1.506250032689422369e-01,-1.601562532014213502e-01,-1.350390658335527405e-01,-1.112597670544346329e-01,-1.328149440732886433e-01,-1.257037334851247579e-01,-1.289259297950025029e-01,-1.247314799155532228e-01,-1.136828695318534699e-01,-1.159207158928472481e-01,-1.239801759184737673e-01,-1.109950421914790986e-01,-1.002487584617072075e-01,-1.375621866351945666e-01,-1.718905459137405889e-01,-1.779726381175628647e-01,-1.869931614665416575e-01,-1.667482914097166979e-01,-1.341870740445220700e-01,-1.160467717893859801e-01,-1.190116955923026104e-01,-8.165203852174146570e-02,-8.099765721141662100e-02,-6.491905362203559404e-02,-3.087642394203653218e-02,-1.495879603599188125e-02,-7.316682789021401734e-02,-1.039532672695658300e-01,-1.487411732805853370e-01,-1.778741671476037622e-01,-1.598835002341188749e-01,-1.373834351936558396e-01,-1.102490695873791782e-01,-1.038930856327189844e-01,-9.753973206231925097e-02,-1.072318241505571534e-01,-1.456152942157971086e-01,-1.243067829901274846e-01,-1.540039703024997375e-01,-1.730173733029160554e-01,-1.699465229161926660e-01,-1.613239872964309929e-01,-1.533947681017738540e-01,-1.329150148885454297e-01,-1.310210587744167765e-01,-1.436731234730345697e-01,-1.409182831779386413e-01,-1.227295693043685409e-01,-8.818239197218956382e-02,-3.954559806755320039e-02,-3.738639983353797547e-02,-9.346599958384493867e-03,4.766334889281678699e-02,1.644158333489022517e-01,2.836039505886217005e-01,3.109009822827374370e-01,1.602252493146010814e-01,2.755631260804704274e-02,1.443890708876956752e-01,3.685972560990181668e-01,2.271493193891725992e-01,1.167873285061886424e-01,1.366968292580736377e-01,1.216742039617571408e-01,2.554185450299747973e-01,5.385463648101111722e-02,1.859636547989160227e-01,4.864909038649626316e-01,2.016227260407464639e-01,-4.459431636639792085e-02
5.749999731779097123e-02,1.243749950081109723e-01,-6.390625191852450371e-02,-9.597656305413693190e-02,-1.139941387518774718e-01,-1.059985334213706665e-01,-9.399963231226138305e-02,-1.159999055448679428e-01,-1.064999769822634335e-01,-9.412499692777487326e-02,-8.853125057304822576e-02,-9.463281055709948930e-02,-1.161582001060774694e-01,-1.090395501010251733e-01,-1.122598884193259650e-01,-1.280649717323024683e-01,-1.345162420390059455e-01,-1.611290618508559869e-01,-1.802822660587604375e-01,-1.875705647265507592e-01,-1.493926402875680182e-01,-1.548481634991590861e-01,-1.587120419178710551e-01,-1.430659213521655870e-01,-1.266512869263335395e-01,-1.113918460524242204e-01,-1.255651572623888990e-01,-9.514079964481395035e-02,-1.391936273952971287e-02,1.117157145942089362e-02,4.352619758757045321e-03,-7.409141541483200977e-02,-3.354992019717195628e-02,-4.390009273208178575e-03,8.517953086553266273e-03,1.206577301116244089e-02,-3.816560629732544674e-02,-4.484846995206459574e-02,1.270972706146094970e-02,-5.752562044246233020e-02,-1.241250225856483924e-01,-1.683117049176142133e-01,-1.716662098278265991e-01,-1.593460713652188887e-01,-1.514491153217210062e-01,-1.206788535529587092e-01,-1.396754431380384520e-01,-1.057252309012798874e-01,1.510686924981974322e-01,8.852671695482706715e-01,1.093816782664059906e+00,3.184541955915091704e-01,2.421135503879934259e-01,1.505283911732770430e-01,3.576321055419230399e-01,5.769080345811193888e-01,3.642270149037675209e-01,4.660567686271031018e-01,5.265141885804971444e-01,8.166285346281488833e-01,3.741571354451765363e-01,4.435392779008296427e-01,5.133848156009055419e-01,2.758462047942960571e-01,4.639615470262488661e-01,5.984903810941208935e-01,4.746225908031818652e-01,5.636556405482381349e-01,9.309139017924092929e-01,1.330228471871823581e+00,1.042557130037896407e+00,3.450142821369450719e-01
4.699999913573265076e-01,6.750000026077032089e-01,9.262500233016908169e-01,7.240624980768188834e-01,4.985156327893491834e-01,6.962890849536051974e-02,-3.759277164681407157e-02,-5.689819231565707014e-02,-6.922454778089104366e-02,-6.730613582763567138e-02,-4.932653369613859695e-02,-5.983163469063335071e-02,-8.245791135486735257e-02,-8.061447929158005454e-02,-7.265362004641243154e-02,-9.066340665073083227e-02,-9.516585143916529710e-02,-1.012914634558377686e-01,-1.428228655659362079e-01,-1.357057141563098868e-01,-1.489264306252400250e-01,-1.672316103385190211e-01,-1.643079012435252340e-01,-1.418627113054587163e-01,-6.903701401192430254e-02,-1.731528559436024128e-02,3.168875497837342348e-04,-7.843376566405227401e-04,1.590147285115134715e-02,2.528321474405977043e-02,4.577214203678780374e-02,5.341156834712429413e-02,4.795480398920874687e-02,6.315933882839407099e-02,6.783853650005391978e-02,4.547140140064490077e-02,9.255265230258137577e-03,-7.929044456700524296e-03,3.448205193096895438e-02,8.500458610607808385e-02,9.729464988547967264e-02,5.420591480412435825e-02,2.524049832331228330e-02,4.950504440542828621e-02,3.562776382726350888e-01,9.511738850663582490e-01,8.016588364942739409e-01,2.219665170002448062e-01,1.354916311872121637e-01,2.313729131612210499e-01,3.403432345487929500e-01,2.375858140761221149e-01,1.418964530719956929e-01,1.429741122621705496e-01,7.574352810279554038e-02,5.643588118750856447e-02,4.660897003610681849e-02,6.665224221100347901e-02,8.666305898812894093e-02,1.091657632569161263e-01,7.229144073972323947e-02,-4.427139312154999840e-03,-3.606784772159395483e-03,4.098303695201442609e-03,3.852457741391648177e-02,1.371311456945836227e-01,2.742827885098084728e-01,4.010707078562881778e-01,3.627676799443042555e-01,5.281919199860760639e-01,5.720479701617526835e-01,4.905119945520949321e-01
