nan,nan,nan,nan,nan,nan,nan,nan,nan,nan,nan,nan,nan,nan,nan,nan,nan,nan,nan,nan,nan,nan,nan,nan,nan,nan,nan,nan,nan,nan,nan,nan,nan,nan,nan,nan,nan,nan,nan,nan,nan,nan,nan,nan,nan,nan,nan,nan,nan,nan,nan,nan,nan,nan,nan,nan,nan,nan,nan,nan,nan,nan,nan,nan,nan,nan,nan,nan,nan,nan,nan,nan
nan,nan,nan,nan,nan,nan,nan,nan,nan,nan,nan,nan,nan,nan,nan,nan,nan,nan,nan,nan,nan,nan,nan,nan,nan,nan,nan,nan,nan,nan,nan,nan,nan,nan,nan,nan,nan,nan,nan,nan,nan,nan,nan,nan,nan,nan,nan,nan,nan,nan,nan,nan,nan,nan,nan,nan,nan,nan,nan,nan,nan,nan,nan,nan,nan,nan,nan,nan,nan,nan,nan,nan
nan,nan,nan,nan,nan,nan,nan,nan,nan,nan,nan,nan,nan,nan,nan,nan,nan,nan,nan,nan,nan,nan,nan,nan,nan,nan,nan,nan,nan,nan,nan,nan,nan,nan,nan,nan,nan,nan,nan,nan,nan,nan,nan,nan,nan,nan,nan,nan,nan,nan,nan,nan,nan,nan,nan,nan,nan,nan,nan,nan,nan,nan,nan,nan,nan,nan,nan,nan,nan,nan,nan,nan
nan,nan,nan,nan,nan,nan,nan,nan,nan,nan,nan,nan,nan,nan,nan,nan,nan,nan,nan,nan,nan,nan,nan,nan,nan,nan,nan,nan,nan,nan,nan,nan,nan,nan,nan,nan,nan,nan,nan,nan,nan,nan,nan,nan,nan,nan,nan,nan,nan,nan,nan,nan,nan,nan,nan,nan,nan,nan,nan,nan,nan,nan,nan,nan,nan,nan,nan,nan,nan,nan,nan,nan
nan,nan,nan,nan,nan,nan,nan,nan,nan,nan,nan,nan,nan,nan,nan,nan,nan,nan,nan,nan,nan,nan,nan,nan,nan,nan,nan,nan,nan,nan,nan,nan,nan,nan,nan,nan,nan,nan,nan,nan,nan,nan,nan,nan,nan,nan,nan,nan,nan,nan,nan,nan,nan,nan,nan,nan,nan,nan,nan,nan,nan,nan,nan,nan,nan,nan,nan,nan,nan,nan,nan,nan
nan,nan,nan,nan,nan,nan,nan,nan,nan,nan,nan,nan,nan,nan,nan,nan,nan,nan,nan,nan,nan,nan,nan,nan,nan,nan,nan,nan,nan,nan,nan,nan,nan,nan,nan,nan,nan,nan,nan,nan,nan,nan,nan,nan,nan,nan,nan,nan,nan,nan,nan,nan,nan,nan,nan,nan,nan,nan,nan,nan,nan,nan,nan,nan,nan,nan,nan,nan,nan,nan,nan,nan
nan,nan,nan,nan,nan,nan,nan,nan,nan,nan,nan,nan,nan,nan,nan,nan,nan,nan,nan,nan,nan,nan,nan,nan,nan,nan,nan,nan,nan,nan,nan,nan,nan,nan,nan,nan,nan,nan,nan,nan,nan,nan,nan,nan,nan,nan,nan,nan,nan,nan,nan,nan,nan,nan,nan,nan,nan,nan,nan,nan,nan,nan,nan,nan,nan,nan,nan,nan,nan,nan,nan,nan
nan,nan,nan,nan,nan,nan,nan,nan,nan,nan,nan,nan,nan,nan,nan,nan,nan,nan,nan,nan,nan,nan,nan,nan,nan,nan,nan,nan,nan,nan,nan,nan,nan,nan,nan,nan,nan,nan,nan,nan,nan,nan,nan,nan,nan,nan,nan,nan,nan,nan,nan,nan,nan,nan,nan,nan,nan,nan,nan,nan,nan,nan,nan,nan,nan,nan,nan,nan,nan,nan,nan,nan
4.439246817491948605e-02,4.578620468964800239e-02,3.230198680830653063e-02,1.877212262115790509e-02,1.397479842034954345e-02,3.481921775869523117e-02,4.234335533959665554e-02,5.072130253459761207e-02,5.505130437648730890e-02,5.162518284627903853e-02,2.356411469953534690e-02,3.802063676957607302e-02,3.993888196409821345e-02,5.978014505669743128e-02,1.003512577135495243e-01,1.070915065934044952e-01,1.317881880385126381e-01,1.428647435750177996e-01,1.132118465266031826e-01,1.175782639970730514e-01,5.497965953475114631e-02,3.505800057010322046e-02,1.337724376421786654e-02,6.100533342649964823e-04,4.358039656353609667e-04,-1.268664003699837561e-02,-1.822026915326263596e-03,1.195667777130391546e-02,5.447786126551245646e-03,7.534571064702473737e-03,2.477928904771601118e-02,3.319169511541673195e-02,2.135355101313429066e-02,3.869176302424628955e-02,8.299330161032963948e-02,9.488693882032704641e-02,8.656670962523538293e-02,8.001990073609133169e-02,5.463964030441587072e-02,2.022276237680749322e-02,3.974495380203980910e-02,-3.084207607852769255e-03,-5.460178643104271652e-03,3.243580223628957093e-02,9.949923620002736058e-02,1.457040913784933001e-01,9.719037004769921773e-02,6.449199961737066278e-02,6.628817629594423166e-02,8.782004642431641417e-02,1.649540050028381333e-01,1.701815394237294332e-01,1.068089689481917653e-01,1.364353916463420524e-01,1.425541123106371655e-01,1.183752381641241525e-01,1.107558412809812182e-01,1.222156442319264763e-01,1.119098367073861483e-01,7.209172511699864228e-02,2.744566216655837734e-02,2.185327905593630396e-02,1.353473000086425834e-02,1.866135296376317601e-02,1.230731447451256094e-02,3.661528935013448616e-02,2.935184062763609991e-02,2.812705163221696641e-02,4.014180221672142279e-02,3.325312350197455469e-02,1.298814185026740328e-02,2.039217177561411173e-02
5.539050698280334473e-02,7.588774152100086212e-02,7.067955378443002701e-02,3.583186469040811062e-02,2.051554986974224448e-02,1.955137167533393949e-02,3.344250598092912696e-02,4.754046568905323511e-02,3.929398344894252659e-02,1.549508666170140714e-02,1.231968556884055488e-02,9.045787773512614649e-03,-8.320053419226702829e-03,3.523303816528548099e-03,3.754107809310442551e-02,8.736718368394390602e-03,1.294719798412502509e-02,6.399967241547152574e-02,6.712009687786708867e-02,4.234844986027984370e-02,1.988202651765882609e-02,3.362670154727235433e-02,2.205604497680250381e-02,-1.503263135356410277e-02,-2.130273147697921490e-02,-1.627354195860071864e-02,-9.942986100345956382e-03,-1.793523785457762365e-02,-2.428639377650060327e-02,-2.966036161569924820e-02,-2.613122416055988981e-04,2.646046739934591538e-02,4.629065527796424190e-02,6.273243870407262113e-02,8.424398376561680057e-02,7.008895762020717068e-02,7.354284571422728400e-02,8.845858958068884836e-02,5.523239304889837609e-02,5.421135003124574747e-02,1.095445886869105268e-01,7.316759192990443528e-02,4.015979161870276287e-02,5.679259819540331822e-02,1.302413409520014054e-01,1.108601351720299166e-01,9.143617650226268379e-02,4.665059245590248010e-02,3.541610395402679246e-02,7.404104807846488556e-02,1.214875415932951952e-01,1.491116877886607961e-01,1.512785292290884931e-01,1.495713861441423098e-01,1.482990870663476457e-01,8.617733145229400371e-02,1.185929209601689904e-01,1.592455309036326927e-01,1.062057956159848104e-01,8.455746730418846335e-02,5.271669487143393340e-02,1.438710541266596810e-02,-2.142977766049500646e-04,-1.060913002247245752e-02,-4.964173983420533051e-03,-1.610987425254729790e-03,-6.428570387986040635e-03,-1.117620218873687996e-02,4.671009321807154981e-03,1.211299323921981655e-02,9.625910537964559727e-03,3.285591274935167894e-02
3.464272525161504745e-02,5.196284851990640163e-02,6.103328795870766044e-02,4.046285849472042173e-02,3.880714287151931785e-02,3.034262088385730749e-02,3.888157408050574304e-02,5.156579620046386481e-02,3.792201519671323240e-02,2.713353647083849296e-02,4.110875561408899870e-02,1.625334523512101531e-02,-2.278472749542897330e-02,-2.348723788812024857e-03,2.384116648446951009e-03,3.623474802792356342e-02,4.442034206345747693e-02,3.646493961799907035e-02,3.762003477371302085e-02,9.553595855103350770e-03,3.257346674617731842e-03,4.129810575350275487e-03,-2.477352825460231445e-02,-5.671904175891825939e-02,-3.635805178288208789e-02,1.317397252692881736e-02,1.231273922379837356e-02,4.562956530739927657e-03,2.814536664359024859e-02,4.767928489414913207e-02,4.633808749012167938e-02,5.741380028946205250e-02,6.386817960198472310e-02,8.901385396285789453e-02,7.699948686998073222e-02,6.607510928968832187e-02,7.377331526244740312e-02,5.723562978497410969e-02,4.937823431638694444e-02,5.517743047810548529e-02,6.499340637707946844e-02,5.404785396794288543e-02,1.730587713020495869e-02,2.569805459950728205e-02,3.763702791624855271e-02,5.525802052689987587e-02,5.360317410695900064e-02,4.142582615902547921e-02,2.399030872404084996e-02,6.153846481993671680e-02,1.002315505086255054e-01,1.460085827544051473e-01,2.278553922582347568e-01,2.196478714448382719e-01,1.280043549190504060e-01,7.176955918099836573e-02,4.884564815617192801e-02,1.570045932793763532e-02,4.555327665559424921e-02,1.020084638506043445e-02,-1.028121090404721973e-02,-3.130436366168790063e-02,-4.292967182985974600e-02,-4.598642516283202308e-02,-3.318819148316484724e-02,-1.453976758252705642e-02,-3.106911798147175482e-03,3.175936373614319033e-03,2.298197748947716432e-02,2.493500067588830249e-02,2.977352056353575055e-02,3.222385264858425996e-02
6.341319391503930092e-02,2.042059379164129496e-02,-2.425923565169793746e-03,1.617112904932582751e-02,3.000331893599650357e-02,4.234441192829763168e-02,2.439179739451446949e-02,2.578086150461444959e-02,2.336818113835903432e-02,1.603576411471330232e-02,3.505949923064699547e-02,9.923159762388443147e-03,-8.388838809190699713e-03,1.755794330751001692e-02,3.783643786491453290e-03,3.337067821544446172e-02,9.680770265291641086e-02,7.451223657089101060e-02,4.578057043392863568e-02,1.321810418774536922e-02,-1.096932000937598205e-02,-2.840268185243640525e-02,-6.009711591031560024e-02,-6.739696740514639073e-02,-4.947546839566678567e-02,-1.126393319070749174e-02,-1.736338289828134179e-03,-3.875808567367751423e-03,2.526058215633959769e-02,3.374301259402416597e-02,3.841966294915473423e-02,4.764021350361654500e-02,7.774658541733460437e-02,8.448286364688087358e-02,7.242421622130673642e-02,6.194231054448436080e-02,6.918825616752939667e-02,8.183983815291483166e-02,8.294743883753556701e-02,3.780327231472914440e-02,2.703679412798629458e-02,5.654458437163766699e-02,4.953593275521977340e-02,3.310036537939008150e-02,5.137386887742503849e-02,6.471787199247236444e-02,4.851660829004733611e-02,3.356570831491820228e-02,3.277278432387677881e-02,3.774816943739495861e-02,1.087399768420424101e-01,1.925298955934337253e-01,1.223426296536398866e-01,1.457504141883123050e-01,1.275329542298135055e-01,1.081532265280439609e-01,5.193408921447282417e-02,5.586793359390618274e-02,5.503109770832390057e-02,-4.926906379391922386e-03,-7.172537837756218226e-03,-2.821258405703617328e-02,-3.288544376035112266e-02,-1.924889356975649155e-02,-2.364585197431082544e-03,-1.886415528666532046e-02,-4.559734661731014438e-02,-4.708921726011457143e-02,4.410058718266035745e-03,3.965042822344649887e-02,5.670958085056033993e-02,6.208252890053114759e-02
7.098305970430374146e-02,3.554470057133585215e-02,2.591903056600131094e-02,4.462196192616829649e-02,2.030890779315086547e-02,7.767011341002216795e-03,4.994735143247908127e-02,2.746609976307468060e-02,-2.107176742102723210e-02,-3.647987218237425111e-02,-1.208555430555468754e-02,3.684252125115661941e-02,1.510882609732813915e-02,1.410590100387202478e-02,8.976721175261999364e-03,9.857226388590699731e-03,1.387972786139378065e-02,5.050334918898664698e-03,-7.320347747851828693e-03,-6.965910909486170907e-03,-2.658944550383181196e-03,-1.784957106491627879e-02,-2.809708542024270256e-02,-3.948363283374700661e-02,-5.372030193383195429e-02,-3.086355770571703322e-02,-1.456731638420806843e-03,-1.950246507453649858e-02,-1.513053160664371705e-02,1.512358882338570541e-02,2.793498566575538730e-02,2.139166753323796383e-02,2.325438245095790002e-02,4.904208030292883658e-02,5.955290998267505354e-02,3.953941636469804344e-02,2.890037955886831655e-02,2.958078804934201333e-02,7.163719114721263555e-03,1.535047377200435964e-02,2.218687853478270439e-02,4.619812113856990726e-02,6.296714554929663810e-02,4.264473349651676931e-02,2.401929661364848867e-02,-1.022075685407977663e-03,-1.065080226648506059e-02,1.148252169306413287e-02,2.181434672950539888e-02,5.228002379804559674e-02,9.887188303090559127e-02,1.396378399869239173e-01,8.089740527956276739e-02,1.779949327505774698e-02,-2.859107954999519363e-02,2.868515115553956288e-02,1.194909025271108094e-01,9.115652312311953165e-02,2.270655320205645228e-02,2.355044133773286086e-02,1.129719623826044156e-03,-1.997927035915302713e-02,-2.071580062565070088e-02,-3.104117176248843632e-02,-3.730409694541050869e-02,-3.259718769621986617e-02,-2.952195233064924124e-02,-1.336542632047840393e-02,3.736670379622651639e-02,9.998914615507889514e-02,1.216542758449812023e-01,1.087571783091847988e-01
-8.413772098720070231e-03,3.362008137628435221e-03,-2.330149413319304585e-02,-4.017035565630067140e-02,-4.280266653586295433e-02,-6.695430731360829668e-02,-2.900933801652172406e-02,-4.413099110007578929e-02,-1.795990273326708575e-02,-3.556726563714462941e-02,-5.064815764313568280e-02,-3.941796700702515643e-02,-3.362410091620288144e-02,-4.240637818540533843e-02,-5.083755866206039753e-02,-2.255843253003147683e-02,-1.948383601647264707e-02,-2.737830943028540798e-02,-2.656919972638391303e-02,-2.492469199384277773e-02,3.050085058340175348e-02,3.679902873443748057e-02,1.999618025374210253e-02,3.867838789212653394e-02,-2.526095445159089875e-02,-6.158029248677941714e-02,-4.230436067497544972e-02,-4.653014647641731671e-02,-1.953606269056338413e-02,-2.250054987879441040e-03,8.256350726171870005e-03,6.306669346127544151e-03,-2.057185777298270457e-02,-6.347370149759365421e-02,-4.014691431588905679e-02,-3.324635164009277083e-02,-2.907404681932614088e-02,3.813918781735783220e-03,1.332366166005104820e-03,7.297084964188328693e-03,3.640678090027778951e-02,3.803883477343075054e-02,4.201863143417475938e-02,3.964051417031198149e-02,1.836747629324175096e-02,1.417553634321832949e-02,1.379440474541521189e-02,1.565303637467706233e-02,2.171522654315552123e-02,7.606235215371032199e-02,7.121045718417857995e-02,1.845575081762248007e-02,1.241537813241673852e-02,1.544771524182307967e-02,1.086774047938821042e-02,-1.110958529517591664e-02,1.148110526177897883e-02,3.534629170441035140e-02,1.340031094460197685e-03,5.104423833913728295e-03,-1.070281418322222358e-02,-9.266413683776302326e-03,-2.775405252602801756e-02,-4.096861998147544037e-02,-4.543246066795482430e-02,-6.564786778446707327e-02,-1.138017618322289815e-01,-4.387160095482858096e-02,1.787649634502879586e-02,2.854911000287173317e-02,2.937382027694492720e-02,3.696814187849289945e-02
-2.662524627521634102e-02,-5.509137746412307024e-02,-8.662578187067992985e-02,-9.122707811911823228e-02,-7.224928058167279232e-02,-5.831373350565626640e-02,-5.330057874755311786e-02,-7.023459408540588811e-02,-9.884379551773037065e-02,-8.975923743338576344e-02,-8.239879257105586774e-02,-7.441795008039175929e-02,-5.303642560207769141e-02,-6.745035675457100588e-02,-7.814928449017549683e-02,-8.800965810026412095e-02,-7.040402545085967800e-02,-6.145473446337237911e-02,-7.720355099908474128e-02,-6.154966369947284521e-02,-2.843851367180667833e-02,-6.085963489995678544e-02,-6.970483422871996682e-02,-8.232938401549202978e-02,-8.870514458082404130e-02,-7.721356389587691327e-02,-4.180047962234807735e-02,-2.908221428137618830e-02,-3.411113606031139500e-02,-5.378545016332318685e-02,-5.060710556875629151e-02,-5.288302009942870419e-02,-4.511122276545252024e-02,-2.696436727769842973e-02,-9.568963526692666685e-03,-2.560672195417351693e-02,-6.049881045188175432e-02,-5.384157483569201874e-02,-5.056588695643200737e-02,-5.651058901398840761e-02,-3.569334371089802338e-02,-6.021849340945149842e-03,1.866897090915598661e-02,1.290555400219747795e-02,3.571445341338441368e-04,-1.203495985280897060e-02,-1.518327364328360754e-02,-1.411853496358507487e-02,1.243346522468896133e-02,1.109791282308243525e-02,2.531774694967305409e-02,6.488054706466206412e-02,6.821841116699578489e-02,5.267593805604428581e-02,1.501234104139916731e-02,1.876738910849718583e-02,2.668152624114311644e-02,-3.442433044950274357e-03,3.681705791114764370e-02,4.904160064548004905e-02,3.878487873099682043e-02,-7.953429959658689027e-03,-3.520132843217350926e-02,-5.327432104339474561e-02,-2.205343326774804324e-02,-1.671482312082640462e-02,-1.119632629924302916e-02,1.047370650976701262e-02,5.266967246584544626e-02,6.880977148724706782e-02,1.876622567552604232e-02,-2.090846912785550293e-02
-1.299999952316284180e-01,-1.274999957531690598e-01,-1.168749979697167873e-01,-1.067187500884756446e-01,-1.116796865535434335e-01,-1.204199191051884554e-01,-1.301049775411229348e-01,-1.250262455773736292e-01,-1.062565625119304968e-01,-1.115641396594071466e-01,-1.003910365539795180e-01,-9.009776047959938694e-02,-7.502443941209469003e-02,-6.125611030005850832e-02,-4.781402777990559350e-02,-2.695350660970027151e-02,-7.423837560934379298e-02,-9.355959315727789549e-02,-8.838989776777883556e-02,-8.459747537326728350e-02,-6.114936888056972386e-02,-7.778734035749727826e-02,-1.069468335992582037e-01,-9.200875279025454156e-02,-8.979797690291260737e-02,-8.998389437590800788e-02,-6.914263378777793512e-02,-7.310458498994185095e-02,-8.407475855896789918e-02,-8.345323442655284973e-02,-7.253973375816513691e-02,-5.563844042782825627e-02,-8.234815870167026819e-02,-9.994410307318271625e-02,-9.278538905359880185e-02,-8.733754439348373477e-02,-7.889610301254787461e-02,-6.852834591529916031e-02,-4.410226390203374203e-02,-6.085283851360415164e-02,-3.482926399940037415e-02,-5.155738477019911753e-02,-5.002070040531070294e-02,-4.759038381533600703e-02,-5.378050578821891997e-02,-2.554328345418552942e-02,-9.050926925159569550e-03,-9.468789395296840425e-03,-1.236719712530679263e-02,-2.059179889017121595e-02,-2.514794927550796644e-02,-2.378698692772151027e-02,-3.594674606137811951e-02,-4.398668573303356200e-02,-2.349667115386161811e-02,1.412583269582233514e-02,6.103145875137558352e-02,5.275786524663744065e-02,6.068946804391935068e-02,7.672366712956613793e-03,-3.308190847077245589e-02,-5.077047756472795326e-02,-5.019262134695939848e-02,-4.815561613662373841e-05,-2.501203834524061073e-02,-6.625300824520563570e-02,-6.906325135349625222e-02,-6.726581358343211581e-02,-9.431645399190446977e-02,-1.310791152861154607e-01,-1.702697818017611109e-01,-1.400674418741615912e-01
-1.400000043213367462e-01,-1.200000001117587090e-01,-1.275000001769512892e-01,-1.418750031734816730e-01,-1.379687498993007466e-01,-1.294921844200871419e-01,-1.273730449129288900e-01,-1.418432606321857747e-01,-1.504608135189187124e-01,-1.376152030072006482e-01,-1.269037982186027591e-01,-1.267259464999126450e-01,-1.141814861779433254e-01,-9.854537370515420447e-02,-9.963634454387564066e-02,-1.174090873280618091e-01,-1.443522720555328875e-01,-1.285880654806858259e-01,-1.296470127938927630e-01,-1.249117506652757947e-01,-1.087279382623654034e-01,-8.218198613021326926e-02,-7.304549489342558599e-02,-1.062693695821448903e-01,-9.883845474814585697e-02,-1.088657655479888520e-01,-1.078580798745746583e-01,-7.437125300468491740e-02,-7.374655568376553560e-02,-1.018878578240061117e-01,-9.359849949912191214e-02,-8.212482546825200513e-02,-7.499315307800717700e-02,-7.682427134678945779e-02,-8.708307548504617968e-02,-9.689373437102025144e-02,-1.095948869077746773e-01,-8.783699985813062105e-02,-6.290364182609062271e-02,-8.670611286316748378e-02,-9.123078635373323142e-02,-8.882083160439781244e-02,-8.196103892664027835e-02,-7.375977082038898125e-02,-8.439001973217968855e-02,-6.838833487467528560e-02,-5.896054753769576495e-02,-5.086458424505874154e-02,-6.271614587500017046e-02,-5.567903557468036752e-02,-5.641975934070492943e-02,-8.660494147430396195e-02,-9.915123596462244171e-02,-8.228781096555946861e-02,-6.557195266688406465e-02,-6.639298704913393356e-02,-4.659824609173122967e-02,-3.414956102001862059e-02,-2.603739032951046112e-02,-4.150934773138922895e-02,-2.787733654169182590e-02,-2.696933461971069701e-02,-8.674233372943347675e-02,-9.918558216575967812e-02,-6.479639557869282251e-02,-5.869909747906289221e-02,-1.096747713150276748e-01,-1.124186918601814411e-01,-1.131046738591150319e-01,-1.407761692098368211e-01,-1.576940446866449963e-01,-1.494235152322276883e-01
-1.525000054389238358e-01,-1.306250025518238544e-01,-1.501562503399327397e-01,-1.425390593067277223e-01,-1.456347623679903336e-01,-1.339086907410091953e-01,-1.409771744733916421e-01,-1.427442916811969553e-01,-1.456860741868979403e-01,-1.189215180996896493e-01,-1.297303772897482332e-01,-1.374325947694718941e-01,-1.368581477982983019e-01,-1.392145336713191128e-01,-1.398036320022194579e-01,-1.224509102357290435e-01,-1.581127289000367753e-01,-1.920281783507072904e-01,-1.705070432465723151e-01,-1.426267623017591912e-01,-1.406566938164423575e-01,-1.001641729325699476e-01,-1.200410439036947441e-01,-1.130287464326287794e-01,-1.074986291022515666e-01,-7.553085826564372163e-02,-7.520407380592956936e-02,-4.778612204375896205e-02,-4.822554389134801889e-02,-8.503991166625358977e-02,-9.069554830559575787e-02,-1.052204788351269737e-01,-1.101249542242341284e-01,-1.026952884198738397e-01,-1.181183984280008425e-01,-1.237912961691711999e-01,-1.166122006587707732e-01,-1.144110460383823413e-01,-1.328532409991604879e-01,-1.293797086260165541e-01,-1.159198853021225772e-01,-9.783039174093210999e-02,-7.709262316826334671e-02,-8.531557345242139767e-02,-1.158146381970515670e-01,-1.176730442940262661e-01,-9.978555264321634088e-02,-8.854669921658353537e-02,-8.963667376106460027e-02,-1.099091669501500307e-01,-9.747729389820587731e-02,-1.068693230275166300e-01,-1.217173277021411093e-01,-1.229293293923378882e-01,-1.257323292933464343e-01,-1.139330818763017728e-01,-1.009832721082031814e-01,-1.102458170584753316e-01,-1.150614527745027205e-01,-1.112653627465908512e-01,-1.078163407611535257e-01,-1.094540847432535491e-01,-1.323635179075579316e-01,-1.430908770181978928e-01,-1.432727173173985180e-01,-1.683181796273728603e-01,-1.470795472165231932e-01,-1.267698847924740579e-01,-1.416924706020720737e-01,-1.779231195876689875e-01,-1.669807822811030240e-01,-1.548701999102389537e-01
-1.225000005215406418e-01,-1.056250012479722500e-01,-1.089062498649582267e-01,-9.972656410536728799e-02,-1.149316408773302101e-01,-1.262329103683441645e-01,-1.265582263999931456e-01,-1.491395563019750625e-01,-1.422848913851737507e-01,-1.255712208346366765e-01,-1.163928042400836915e-01,-1.090982011345267289e-01,-1.122745493150562046e-01,-9.806863762678727503e-02,-8.951715888515618391e-02,-9.237929001931227679e-02,-9.559482041866550206e-02,-1.263987042105967074e-01,-1.440996805229975419e-01,-1.410249224404293844e-01,-1.377562297160376814e-01,-1.469390581740674939e-01,-1.017347640219762317e-01,-5.831418910184091309e-02,-5.543146556506203804e-02,-5.383249161365043223e-02,-4.626630287051800017e-02,-6.426569643289001266e-02,-8.823143087990620304e-02,-7.101450896056378526e-02,-8.546865367837719329e-02,-1.393730426429410085e-01,-9.852856793996442319e-02,-9.542133944480804542e-02,-1.046211260985562830e-01,-1.058904413986014870e-01,-1.091171418529701120e-01,-1.073847168411302538e-01,-1.164515888622772721e-01,-1.322057762724998531e-01,-1.256521473075659090e-01,-1.101474440283008310e-01,-1.185531759308384864e-01,-1.310928089928281026e-01,-1.015803739058884908e-01,-6.875794938772700204e-02,-9.208511514358168337e-02,-1.156045141391268544e-01,-1.114011280877468812e-01,-9.785028138863738345e-02,-8.446256900605483842e-02,-1.061156412829382389e-01,-1.115289112148042383e-01,-1.328822282507358954e-01,-1.257205582547768763e-01,-1.089301401597406738e-01,-1.147325335498190491e-01,-1.036831345050418518e-01,-1.209207824341675674e-01,-1.302301952360128690e-01,-1.225575467973464561e-01,-1.206393846876798598e-01,-1.251598449798270729e-01,-1.337899603508870827e-01,-1.459474871074895319e-01,-1.764868723729188238e-01,-1.741217207754386931e-01,-1.435304279586854803e-01,-9.838260698967137008e-02,-1.045956536845688012e-01,-1.261489130486131705e-01,-1.221622270514339526e-01
-1.074999999254941940e-01,-8.687500143423676491e-02,-7.171874924097210169e-02,-8.542968626716174185e-02,-1.038574211197555996e-01,-1.009643545348808402e-01,-9.524108706909828470e-02,-1.188102705751816757e-01,-1.322025667497257473e-01,-1.205506401973153174e-01,-1.001376622099972025e-01,-1.025344161485457484e-01,-1.031336046331828848e-01,-9.078340249940022866e-02,-8.519585062485005023e-02,-8.629896399731701306e-02,-9.407473891316668613e-02,-1.210186811520129885e-01,-1.127546679783232586e-01,-7.909971169651466849e-02,-6.807448452219595769e-02,-4.747355617087391233e-02,6.316106778847486655e-04,1.252020425194172101e-02,-5.346587974735398166e-04,1.598672580150494252e-02,1.532117466486426424e-02,-3.911181212624675885e-02,-6.210590631058009181e-02,-8.688636988473483203e-02,-8.905706398207086094e-02,-8.067832382400368096e-02,-5.953506533523284655e-02,-5.882208273862769843e-02,-8.453682121151430418e-02,-9.609992629913921558e-02,-1.064277417377343660e-01,-1.086171617586342147e-01,-1.149209806193641770e-01,-1.124851255086494473e-01,-9.749749485322417586e-02,-1.010465999038730744e-01,-1.050984059669503312e-01,-1.097976831073047832e-01,-9.936797538087968618e-02,-8.208578059744389699e-02,-7.322968537527210775e-02,-8.160310982395679869e-02,-9.040077961665757278e-02,-1.026001949786702061e-01,-1.106500477760920809e-01,-1.151625141791972062e-01,-1.287906318975605702e-01,-1.046976596135178739e-01,-9.867441654250719285e-02,-1.071686036885919624e-01,-1.142921494320318782e-01,-1.335730340797525173e-01,-1.283932563965226592e-01,-8.334831365209582899e-02,-8.583707975412846469e-02,-9.395927157765984750e-02,-1.009898184904614166e-01,-9.774745626174308200e-02,-1.094368630968602929e-01,-1.223592145821221777e-01,-1.355898040925653802e-01,-1.338974506506123152e-01,-1.334743604274788997e-01,-1.333685878716955320e-01,-9.834214644638324121e-02,-1.014605373380274150e-01
2.749999938532710075e-02,6.874999846331775188e-03,-1.328124970314092934e-02,-3.082031227677362040e-02,-6.520507911227468867e-02,-9.630127171521962737e-02,-1.040753180033107128e-01,-5.851882924005735731e-02,-4.962970745902595127e-02,-5.240742597068681619e-02,-6.560185578486654734e-02,-5.140046409522824877e-02,-5.035011565127803235e-02,-5.258752895007241107e-02,-2.064688206988003760e-02,-1.766172070373452432e-02,-5.941542987791040981e-02,-7.735385746947759378e-02,-6.433846615550874171e-02,-1.084616874153314023e-03,3.722884494327134697e-02,3.430721067702428850e-02,3.357680211046253083e-02,2.712089678788908928e-02,3.677503233438911279e-02,3.491175117585480769e-02,6.781928214849086006e-03,-2.064823266778860467e-02,-5.346161476501444521e-02,-5.789758166106695469e-02,-4.986695454873679711e-02,-6.292514007875829596e-02,-8.562927383082485910e-02,-8.645113293801093279e-02,-8.595556746416871396e-02,-2.793278726561264358e-02,-1.362905137892414173e-02,-4.115064872591656792e-02,-2.402443080715577564e-02,-3.201746851099590563e-02,-3.490910191062356061e-02,-4.526294273317671424e-02,-5.479680436894500406e-02,-6.388793063174984244e-02,-5.975250926989143785e-02,-3.102808405925290211e-02,-2.700177011382941597e-02,-4.408485207083911311e-02,-4.852121217951945592e-02,-3.963030289586824684e-02,-4.490757587297867365e-02,-5.122689307417499505e-02,-7.780672274700310698e-02,-8.195168161807335483e-02,-6.298792085155317799e-02,-6.074698013838249200e-02,-5.018674425228465685e-02,-5.754668505724278016e-02,-5.438667037024101647e-02,-3.859666703376671282e-02,-3.964916608788942448e-02,-6.241229081416720115e-02,-4.060307307607083360e-02,-1.515076815725899945e-02,-3.128769189030313619e-02,-4.282192312158739772e-02,-2.570548044512072083e-02,-4.642636921721050858e-02,-3.910659168962972443e-02,-3.727664777339581570e-02,-2.931916242763669272e-02,9.545209015905184100e-03
1.249999972060322762e-02,-4.374999902211128798e-03,6.406249856809153286e-03,-2.589843738678609952e-02,-4.397460990549006965e-02,-3.349365290478090174e-02,-8.373413226195225434e-03,-1.459335302715203397e-02,-1.364833803327059059e-02,-1.341208428480022974e-02,-8.353020959441348481e-03,-2.958825509084872518e-02,-5.239706369820637533e-02,-2.559926564515482145e-02,-3.899816932829348881e-03,-3.847495479200088025e-02,-4.461873884701183374e-02,-4.115468404120070645e-02,-3.778867039562727737e-02,-1.944716737538940143e-02,5.138207932635231734e-03,3.378455079106591069e-02,8.844613497830455806e-02,8.010918886804835326e-02,8.376286611294810058e-02,3.155995035627500583e-02,-5.727688860870857115e-03,-1.630521032139099422e-02,-2.431176096927234812e-02,-3.944792099478619529e-02,-8.009827571035120497e-02,-8.001860293105415856e-02,-4.868316013950897692e-02,-6.739228432212966691e-02,-6.516370044359241775e-02,-6.251523331107863846e-02,-5.733307559118212826e-02,-5.169410960767552299e-02,-3.018237965651821356e-02,-3.246603204986321656e-02,-6.674671888179748575e-03,2.608606971843250265e-03,1.077545825499317406e-04,1.983237094292685659e-02,1.589501664287012311e-02,-7.804452528651518312e-04,-3.291676116859158091e-02,-6.368034500101020512e-02,-5.592008815015060696e-02,-8.980022149296360695e-03,-2.224500509028925349e-02,-3.556125060202006138e-02,-4.889031175643534372e-02,-4.972257710091852051e-02,-2.430644498747048035e-03,9.392338651795820517e-03,-5.151915169412980139e-03,-1.878797840119776283e-02,3.030052879418494716e-04,2.007575087495062569e-02,1.001893760697894833e-02,7.504734289986027262e-03,9.376183870519730693e-03,5.734404566960670663e-02,6.433601029981458885e-02,3.858400207203945692e-02,2.214600023861309011e-02,3.553649938910101447e-02,5.638412425122880239e-02,5.909603098830139289e-02,4.477400707652309797e-02,3.431850125224674558e-02
8.749999757856130600e-02,9.687499678693711758e-02,4.671874869382008910e-02,1.917968700581695884e-02,9.794921639695530757e-03,-2.551269478317408357e-03,-8.137817201941288658e-03,4.655456436353233585e-04,-1.238361330969439678e-02,-3.095903327423600929e-03,6.172602230549895097e-02,9.043150296867152882e-02,3.010787510886853147e-02,-1.997303153943254250e-02,-9.993257773099426672e-03,-1.999831451778066177e-02,-6.749957862944516718e-02,-7.437489430345872732e-02,-2.859372335234726392e-02,-2.464843044693133464e-02,-3.662107201950898228e-03,5.658447424259355901e-02,8.164612124285740291e-02,7.679108324130784480e-02,5.018825498094263426e-02,4.267106588152573543e-02,4.088205264686924079e-02,1.838605217121387983e-02,8.782369886636349349e-03,-3.937206088752518308e-04,-8.219631222244377228e-03,-4.490175419980195481e-02,-9.535870036466397026e-02,-6.203690796713898226e-02,-1.988884404207485329e-02,-1.304092972515825954e-02,-1.396422778948844950e-02,-3.664819370429889256e-02,-2.701484913555721179e-03,6.373547637232159641e-03,2.599178735757072881e-02,8.072162167316723758e-02,1.071885291700215292e-01,1.291714488130438210e-02,-2.107865766023191839e-02,-1.018661149677118488e-03,-7.839259763269038062e-02,-6.802945508859656321e-02,-2.200736366039043185e-02,-1.300184074745954280e-02,-2.575045968395069454e-02,-3.393761477197605736e-02,-4.348440384200562281e-02,-3.337110045758721888e-02,2.415722648747802362e-02,9.103930937858432937e-02,7.275982622705899627e-02,7.818995521566024509e-02,1.704748885979441575e-02,1.761872270827958414e-03,1.294046778831021635e-02,2.323511650004271567e-02,3.330877897599907045e-02,5.582719507927589447e-02,6.395679951487703851e-02,8.598920017674248351e-02,7.649729881483982585e-02,7.662432388414608386e-02,9.415608022597846127e-02,7.603901934868945167e-02,5.900975487442526590e-02,6.662743744269439272e-02
6.499999854713678360e-02,9.624999784864485264e-02,6.656249851221218705e-02,4.414062541036400944e-02,9.353515963084646501e-02,1.158837929624496610e-01,6.397094838962402719e-02,1.349273715328536127e-02,1.087318458634456420e-02,4.771829607208033508e-02,6.192957290043299423e-02,3.548239277807341274e-02,1.137059813863899871e-02,2.784264897586620491e-02,3.946066151753493956e-02,7.365165900924378409e-03,2.184129195951883470e-02,-7.039676730723518940e-03,7.400807614397651377e-04,1.018501996684252099e-02,2.546254991710629814e-03,2.063656330089282120e-02,7.659140769343850824e-03,1.378791261928808548e-02,1.186475400929036528e-02,-1.000059009267791586e-02,-8.358117623065670215e-03,-3.343823749148219088e-02,-6.882990503577730845e-02,-3.861251235447412528e-02,-4.237999352503465933e-02,-3.497083975204241107e-02,-6.237323052766027831e-02,-2.920542827703581645e-02,-3.303846188095774239e-03,-6.774416387132695810e-03,1.840993247913348674e-03,4.244645858369446023e-02,8.536741180857564115e-02,9.482366323133445407e-02,6.771068021570676720e-02,6.278501201399921960e-02,4.296486482950240271e-02,2.201697331153400217e-02,5.162791281065108595e-02,-3.689257132210427975e-03,-5.849341342280261341e-02,-2.806265848236767779e-02,2.298433564017840144e-02,-2.675391676050765249e-02,-6.668848064299012779e-02,-5.917211967645978621e-02,-5.479302995636785301e-02,-4.619825676266035158e-02,-6.549564302423795115e-03,8.362608700876635048e-03,4.590653516323664474e-03,5.364766499958219248e-02,4.091191610088393271e-02,4.522797917423259512e-02,3.130699434652331470e-02,2.532674866113663464e-02,7.633168746330737386e-02,1.090829217168152315e-01,7.727072931161671487e-02,5.681768195537514887e-02,6.670442071236121206e-02,6.167610510358449705e-02,5.291902590336709788e-02,7.572975647584177794e-02,7.893243870917851512e-02,4.598310909056140677e-02
4.249999858438968658e-02,4.062499897554516792e-02,1.265624968800693750e-02,3.316406268277205527e-02,8.329101678828010336e-02,8.332275512839260045e-02,4.583068915462717996e-02,2.395767247492130991e-02,3.348941843538000285e-02,4.337235382653403803e-02,8.834308719003480803e-02,5.958577189064095947e-02,1.989644286090153091e-02,9.974110603466673775e-03,2.999352750185505651e-02,4.999838185683731090e-02,4.499959520343900510e-02,5.874989913613587467e-02,3.968747515656299851e-02,-7.578131285365056341e-03,-3.189453308211158411e-02,-1.047363368030982886e-02,-3.761840856908907349e-02,-4.942750619560268982e-02,-6.740378417499309771e-02,-5.580246778311194478e-02,-3.794736357897982026e-02,-3.682576943777617073e-02,-6.206285600697650923e-02,-7.652371661075862974e-02,-6.052665297242232345e-02,-5.931135983281390911e-02,-8.179047696543996493e-02,-7.189427128124550870e-02,-5.536482343000252021e-02,-2.766289666648228535e-02,-2.314713739878316440e-02,-9.722363909461548964e-03,1.237620512076257652e-02,1.855779370771855341e-02,-1.430731437834575209e-03,3.070211406245021077e-02,3.212711493346638580e-02,3.963311272405968533e-02,5.320681881791200496e-02,1.673635902972481215e-02,1.507246905744438759e-02,-1.922681405723004194e-02,-4.230670267611719160e-02,-1.557667555727058895e-02,-4.139416851678862086e-02,-6.284854235271457312e-02,-6.321213592345477361e-02,-4.080303435339271978e-02,1.229924230572149169e-02,6.307481202929358932e-02,5.076870222501243118e-02,4.269217488570085234e-02,5.817304265971747629e-02,2.954326032965324048e-02,-1.511418581165636238e-02,-2.127854839006504059e-02,6.968036215742567929e-02,4.242008998056287505e-02,-2.314497675048799233e-02,9.213756874085737847e-03,8.230344115567239660e-02,1.105758601399064872e-01,9.264396451343598349e-02,7.566099181753770109e-02,5.641524665053282428e-02,8.972880892454483670e-02
5.750000057741999626e-02,2.437499992083758116e-02,3.609374930965714157e-02,2.152343751367880031e-02,6.288085855885583442e-02,9.572021192025204073e-02,5.393005230951075646e-02,2.848251274210156225e-02,5.212062717969700998e-02,5.303015590085458086e-02,6.075753837916719746e-02,1.051893844457801874e-01,1.037973462418302073e-01,6.094933577814658915e-02,6.023733293870826844e-02,3.505933278764222782e-02,3.126483269399636666e-02,2.531620824800489764e-02,1.882905224826574020e-02,-2.279273725458324032e-02,-1.819818403424903683e-02,-3.204954585955064467e-02,-3.801238672565798032e-02,-2.647070015254462949e-02,-3.704492511794677673e-02,-5.367435735326436808e-02,-4.860923773760951472e-02,-6.597323613046446322e-02,-8.440820660859058022e-02,-5.572370479918944269e-02,-6.451710696125384503e-02,-6.269913774630515857e-02,-4.630817345505229554e-02,-4.263973576755640538e-02,-1.959792050950556405e-02,-3.223229965997941732e-02,-2.215444674450459117e-02,-2.853117383950278668e-02,3.429445522071606148e-03,2.124305374226016091e-02,-5.628256063781573657e-03,4.179288356940136923e-05,2.941558714188496210e-02,5.482503310585359890e-02,2.627157164922441085e-02,3.279149096039703920e-02,3.456341875495767130e-02,2.645358444369026729e-02,7.661339640894579417e-02,1.016533495865241943e-01,5.291333771328072394e-02,1.572833437244082477e-02,1.526820860890547027e-01,3.456705262906352716e-01,3.764176232280085910e-01,1.021604385541423188e+00,1.030401087444658970e+00,7.051002623244215783e-01,8.362750545542461111e-01,4.715687666187937666e-01,3.953921952309771282e-01,3.913480529800694163e-01,4.078370156292031590e-01,2.994592513554769075e-01,2.323648107154537568e-01,4.455911982085150602e-01,3.363977973169545721e-01,2.815994472430760620e-01,4.578998573404206573e-01,2.894749594922277347e-01,1.673687386809640520e-01,1.262171851126192290e-01
3.974999915808439255e-01,1.543749966658651829e-01,3.859374916646629572e-02,2.464843695634044707e-02,1.866211035667220131e-02,8.216552818521449808e-02,1.055413792150829977e-01,7.638534368618365988e-02,5.159633566077559408e-02,5.289908395244680150e-02,6.322476987052461084e-02,7.080619123828535422e-02,5.770154691550166692e-02,4.442538605832316301e-02,5.110634562051111912e-02,7.277658506402326366e-02,6.319414526017744227e-02,2.579853609152694266e-02,6.449634022881735665e-03,-8.387591270762148610e-03,-4.209689692362086899e-02,-6.802422341134134465e-02,-6.950605607635275407e-02,-8.641853356512013695e-02,-9.270990659892962282e-02,-5.353886033743721073e-02,-6.548292714953447835e-02,-2.553601577840751771e-02,4.516184758488072173e-03,4.074301674498709974e-02,1.333872068557538648e-02,-3.682466915837576127e-02,-2.052547862527680927e-02,3.864660659437592002e-03,-1.828843732699622637e-02,6.743557855114663824e-03,-9.471825065184303824e-03,-2.041654119316952190e-02,5.858033387799520264e-03,4.038409130993968893e-02,1.814523056701691783e-02,7.261040845403750332e-03,5.455238633823634997e-02,4.248285498711526498e-02,3.318123291306957628e-02,4.198846885716732424e-02,2.737709440702153912e-02,2.469353454290318384e-02,1.136733816985748408e-01,8.384183478088294006e-01,1.682104613178250885e+00,1.428026175944327791e+00,1.354506546370267683e+00,1.913626624671638021e+00,2.013406615338727779e+00,7.833516587520651386e-01,4.633379203504575106e-01,5.658344905184272688e-01,3.889586268764377852e-01,1.222396570916384761e-01,1.555991460818574590e-02,1.813899826008541494e-01,4.203475031007941620e-01,3.450868704107805107e-01,4.737717131323467834e-01,6.484429443763408685e-01,1.074610759935943127e+00,7.161526953484038671e-01,8.565381833738441308e-01,8.841345625327614588e-01,6.935336370569116227e-01,7.177584000068815140e-01
9.224999994039535522e-01,1.123125012964010239e+00,5.707812523469328880e-01,4.376953074242919683e-01,3.744238274521194398e-01,3.761059556709369645e-01,3.365264923450013157e-01,2.291316245018606701e-01,1.672829055294187128e-01,1.793207293625869170e-01,1.448301856934079979e-01,1.087075480624797308e-01,1.121768879096896043e-01,1.480442192952133862e-01,1.370110525886291675e-01,7.425276225308762024e-02,1.106319073090996849e-02,-1.973420181435831672e-02,-2.993354989479603268e-02,-2.748338702666417235e-02,-3.687084608611379544e-02,-7.921770995690652351e-02,-4.230442698631244058e-02,-9.233878132784260201e-03,2.150543659252825146e-02,4.347121499310657722e-02,7.574729194822590883e-02,1.225337598984010123e-01,1.461469696031154897e-01,1.569109563049212452e-01,1.663014778002236405e-01,1.956311399366491843e-01,2.017612925327329221e-01,1.934306775817401236e-01,1.397331623742761042e-01,3.844908639812921053e-02,5.454036783433073576e-02,9.488763800823717121e-02,5.869439372560389390e-02,5.527118998055906979e-02,8.107713897348754750e-02,8.697249532819120721e-02,3.649170388735913095e-02,1.724126997703706934e-02,1.258485598194460098e-01,2.399173113909329191e-01,2.739804693362853372e-01,4.259091543232833565e-01,4.189772885808208391e-01,7.022443260195071479e-01,6.430610677958085164e-01,8.332652365505832659e-01,6.583162972167169169e-01,5.570790799666205384e-01,4.742697783363054032e-01,5.110674465212272644e-01,2.802668577560049057e-01,1.925667130978967190e-01,1.631416766353464554e-01,1.882854163276160009e-01,1.345713525917878739e-01,9.864283576376117746e-02,4.466070849390545855e-02,1.036651745902789634e-01,1.484162904438200981e-01,1.071040729089782484e-01,1.217760188977968228e-01,1.179440069596233848e-01,1.619860057632193651e-01,2.579965026328977507e-01,4.469991185056670924e-01,6.973747687485690738e-01
