nan,nan,nan,nan,nan,nan,nan,nan,nan,nan,nan,nan,nan,nan,nan,nan,nan,nan,nan,nan,nan,nan,nan,nan,nan,nan,nan,nan,nan,nan,nan,nan,nan,nan,nan,nan,nan,nan,nan,nan,nan,nan,nan,nan,nan,nan,nan,nan,nan,nan,nan,nan,nan,nan,nan,nan,nan,nan,nan,nan,nan,nan,nan,nan,nan,nan,nan,nan,nan,nan,nan,nan
nan,nan,nan,nan,nan,nan,nan,nan,nan,nan,nan,nan,nan,nan,nan,nan,nan,nan,nan,nan,nan,nan,nan,nan,nan,nan,nan,nan,nan,nan,nan,nan,nan,nan,nan,nan,nan,nan,nan,nan,nan,nan,nan,nan,nan,nan,nan,nan,nan,nan,nan,nan,nan,nan,nan,nan,nan,nan,nan,nan,nan,nan,nan,nan,nan,nan,nan,nan,nan,nan,nan,nan
nan,nan,nan,nan,nan,nan,nan,nan,nan,nan,nan,nan,nan,nan,nan,nan,nan,nan,nan,nan,nan,nan,nan,nan,nan,nan,nan,nan,nan,nan,nan,nan,nan,nan,nan,nan,nan,nan,nan,nan,nan,nan,nan,nan,nan,nan,nan,nan,nan,nan,nan,nan,nan,nan,nan,nan,nan,nan,nan,nan,nan,nan,nan,nan,nan,nan,nan,nan,nan,nan,nan,nan
nan,nan,nan,nan,nan,nan,nan,nan,nan,nan,nan,nan,nan,nan,nan,nan,nan,nan,nan,nan,nan,nan,nan,nan,nan,nan,nan,nan,nan,nan,nan,nan,nan,nan,nan,nan,nan,nan,nan,nan,nan,nan,nan,nan,nan,nan,nan,nan,nan,nan,nan,nan,nan,nan,nan,nan,nan,nan,nan,nan,nan,nan,nan,nan,nan,nan,nan,nan,nan,nan,nan,nan
nan,nan,nan,nan,nan,nan,nan,nan,nan,nan,nan,nan,nan,nan,nan,nan,nan,nan,nan,nan,nan,nan,nan,nan,nan,nan,nan,nan,nan,nan,nan,nan,nan,nan,nan,nan,nan,nan,nan,nan,nan,nan,nan,nan,nan,nan,nan,nan,nan,nan,nan,nan,nan,nan,nan,nan,nan,nan,nan,nan,nan,nan,nan,nan,nan,nan,nan,nan,nan,nan,nan,nan
nan,nan,nan,nan,nan,nan,nan,nan,nan,nan,nan,nan,nan,nan,nan,nan,nan,nan,nan,nan,nan,nan,nan,nan,nan,nan,nan,nan,nan,nan,nan,nan,nan,nan,nan,nan,nan,nan,nan,nan,nan,nan,nan,nan,nan,nan,nan,nan,nan,nan,nan,nan,nan,nan,nan,nan,nan,nan,nan,nan,nan,nan,nan,nan,nan,nan,nan,nan,nan,nan,nan,nan
nan,nan,nan,nan,nan,nan,nan,nan,nan,nan,nan,nan,nan,nan,nan,nan,nan,nan,nan,nan,nan,nan,nan,nan,nan,nan,nan,nan,nan,nan,nan,nan,nan,nan,nan,nan,nan,nan,nan,nan,nan,nan,nan,nan,nan,nan,nan,nan,nan,nan,nan,nan,nan,nan,nan,nan,nan,nan,nan,nan,nan,nan,nan,nan,nan,nan,nan,nan,nan,nan,nan,nan
nan,nan,nan,nan,nan,nan,nan,nan,nan,nan,nan,nan,nan,nan,nan,nan,nan,nan,nan,nan,nan,nan,nan,nan,nan,nan,nan,nan,nan,nan,nan,nan,nan,nan,nan,nan,nan,nan,nan,nan,nan,nan,nan,nan,nan,nan,nan,nan,nan,nan,nan,nan,nan,nan,nan,nan,nan,nan,nan,nan,nan,nan,nan,nan,nan,nan,nan,nan,nan,nan,nan,nan
2.324999980628490448e-01,1.956250024959445000e-01,1.739062487613409758e-01,1.584765605512075126e-01,2.146191371575696394e-01,2.361547778818930965e-01,2.190386908941945876e-01,2.022596736176183185e-01,1.805649210866135945e-01,1.951412287815372792e-01,1.812853037681172452e-01,2.028213210246461173e-01,2.182053269779060667e-01,2.295513324895345764e-01,3.273878364006391206e-01,4.793469637195197364e-01,2.773367434630773509e-01,2.093341864618157855e-01,2.423335442312681554e-01,2.718333820345035234e-01,2.229583429754284918e-01,1.982395839557177797e-01,1.845598976280571901e-01,2.136399711287588488e-01,1.959099909940503759e-01,2.039774952153151910e-01,2.309943697805152962e-01,2.302485881237920917e-01,2.225621424115880598e-01,2.356405315795835065e-01,2.214101306597217045e-01,1.878525329629536500e-01,1.994631330917268075e-01,2.348657856571175206e-01,2.662164496925348289e-01,2.665541154033659876e-01,2.641385267646789159e-01,2.710346373536109965e-01,2.452586614245653163e-01,1.963146669952690604e-01,2.165786634705618163e-01,2.166446673577565596e-01,2.291611713097875258e-01,1.897902894001798069e-01,2.799475666876036772e-01,3.849868855624248298e-01,2.587467191554320145e-01,2.071866817260089588e-01,2.192966708785371033e-01,2.423241677196342758e-01,2.880810484864194665e-01,2.695202600354422717e-01,2.573800626246747214e-01,2.143450178913428594e-01,2.535862500024873567e-01,3.108965574342270610e-01,3.152241363783245265e-01,2.688060317103953545e-01,2.872015067355059292e-01,3.368003847305035547e-01,3.142000966296607523e-01,2.485500222202642329e-01,2.271375046609963866e-01,2.480343707263252540e-01,2.545085916385000369e-01,2.861271517839268919e-01,2.915317942044693966e-01,2.353829463159431701e-01,2.188457330027070991e-01,2.172114310155026096e-01,2.168028555187014872e-01,2.273257154815502279e-01
2.250000014901161749e-01,2.037499975413084030e-01,1.759374993853271008e-01,1.689843748463317752e-01,1.997460999700706452e-01,2.374365287178079875e-01,2.443591271130571840e-01,2.735897765628578782e-01,2.458974387762964398e-01,2.477243534355863808e-01,1.994310838885482440e-01,1.973577718662067326e-01,1.718394453507374742e-01,2.054598628278004879e-01,2.313649728595075228e-01,1.953412461951091195e-01,1.988353100586611744e-01,2.097088276636769055e-01,2.049272067669076214e-01,2.062317991585295163e-01,1.990579506837020507e-01,1.972644848397048789e-01,1.993161197198101142e-01,1.848290352943705583e-01,1.887072607607435670e-01,2.046768102728027117e-01,2.011692010780845585e-01,1.877923032497533784e-01,2.019480732792409416e-01,2.354870132534154503e-01,2.513717485449822875e-01,2.453429381793268416e-01,2.363357352898897978e-01,2.440839287560776505e-01,2.610209777186710545e-01,2.752552453237374630e-01,2.763138146091898562e-01,2.640784576756110003e-01,2.335196111406472874e-01,2.258798995069063453e-01,2.564699704063782004e-01,2.316174930486293859e-01,2.079043754973315394e-01,1.994760947684025565e-01,2.698690225000077714e-01,2.674672511546535847e-01,2.543668127886634100e-01,2.060917014090264954e-01,2.040229252032449980e-01,2.335057360691828454e-01,2.683764423619460215e-01,3.095941177430439062e-01,3.398985324159932153e-01,3.099746345941144510e-01,2.999936625228305509e-01,3.174984227832650108e-01,3.343746083780252398e-01,3.635936532865992055e-01,3.258984127256033814e-01,2.989746118240743655e-01,2.622436566813088898e-01,2.455609138723039986e-01,2.588902338324940433e-01,2.047225590541699725e-01,1.961806430417979419e-01,2.140451598663798138e-01,2.185112890725252888e-01,2.271278216720848675e-01,2.342819537788934925e-01,2.210704862095492218e-01,2.277676246816311978e-01,2.281919086290994381e-01
1.775000020861625671e-01,1.568750049918889999e-01,1.567187546752393246e-01,1.741796903079375625e-01,2.010449251101817936e-01,2.152612341087661030e-01,2.088153097192844143e-01,2.297038295159836707e-01,2.424259634884720349e-01,2.106064931072921809e-01,2.026516255119972243e-01,1.831629066760225300e-01,1.682907253279011250e-01,1.995726838651727120e-01,1.998931694761770517e-01,2.274732870046262401e-01,2.093683216021449689e-01,2.248420835297801346e-01,2.162105247567469579e-01,1.765526335733725305e-01,1.416381548170644322e-01,1.354095364690919290e-01,1.413523859054123255e-01,1.503380985625156485e-01,1.625845246406289191e-01,1.906461333953314019e-01,2.101615311136586783e-01,1.750403851626004537e-01,1.787600979297778447e-01,2.171900201611077219e-01,2.167975028051027375e-01,2.166993771913918176e-01,2.141748407215692818e-01,2.560437033258581851e-01,2.765109243413483853e-01,2.691277340655693351e-01,2.497819271088930204e-01,2.099454789460026283e-01,1.799863710776051784e-01,1.774965930674245185e-01,1.793741461806935555e-01,1.548435340864817988e-01,1.362108836706320547e-01,1.540527256860295957e-01,1.810131833586583472e-01,2.052532922633859003e-01,2.338133203836374463e-01,2.434533250295145279e-01,1.908633302142973553e-01,2.377158376199691447e-01,2.869289659615031907e-01,2.242322413413642135e-01,2.685580588452249895e-01,3.246395075587489298e-01,2.511598786778265757e-01,2.052899716066075853e-01,2.088224879842686954e-01,2.072056194628697778e-01,1.693014064303393629e-01,1.148253532467125720e-01,1.487063430800497077e-01,1.671765884522214418e-01,1.667941471130553466e-01,1.716985394604728377e-01,1.629246321829092015e-01,1.757311559595647332e-01,2.064327867547169904e-01,2.066081941554818446e-01,2.066520497309633497e-01,2.116630125817524632e-01,2.079157543375310113e-01,2.063539385098769330e-01
1.750000007450580597e-01,1.737500028684735298e-01,1.634375036228448153e-01,1.533593729254789650e-01,1.858398404001491144e-01,1.889599620371882338e-01,2.122399933405177130e-01,2.055599981861178094e-01,2.138899973113552733e-01,2.209724997748736819e-01,2.202431203243584434e-01,2.275607757597528646e-01,2.043901911087175893e-01,1.685975474791561735e-01,1.371493838150510125e-01,1.317873461027743720e-01,1.629468392079025940e-01,1.857367093549407988e-01,1.489341764446655281e-01,1.347335405348877024e-01,1.311833815574432460e-01,1.327958431541866324e-01,1.406989625766860152e-01,1.476747451145198620e-01,1.494186907489783167e-01,1.623546764125348707e-01,1.880886699972033893e-01,1.820221654131382871e-01,1.780055379260175041e-01,2.095013798621443990e-01,2.273753419853038749e-01,2.293438349002795140e-01,2.523359590230931371e-01,2.655839903518197320e-01,2.438959959488272156e-01,2.184739940698235960e-01,2.046184970273397796e-01,1.986546288761948942e-01,2.096636610933506617e-01,1.724159181790640982e-01,1.481039799918008604e-01,1.745259979781824400e-01,1.836315000905920647e-01,1.784078790459615316e-01,1.821019690164323301e-01,1.955254907639919493e-01,1.838813780554159893e-01,1.884703464510049387e-01,2.221175836325189890e-01,2.580293965041762227e-01,2.395073498711021154e-01,2.173768400009729596e-01,2.368442147686148358e-01,2.417110584605253187e-01,2.054277641680964939e-01,2.013569432771983025e-01,2.528392364153460026e-01,3.032098074647087693e-01,1.783024509721075068e-01,1.495756094647714141e-01,1.498938993859606217e-01,1.374734726113159833e-01,1.518683678548057858e-01,1.754670912186434006e-01,1.663667751888466273e-01,1.615916985655832250e-01,1.778979276216280381e-01,1.819744811603489498e-01,1.829936195450291847e-01,2.007484023530599071e-01,1.976871014823346484e-01,1.881717743647552954e-01
1.675000004470348358e-01,1.743750041350722313e-01,1.660937534179538488e-01,1.565234404406510293e-01,1.616308587690582499e-01,1.779077139472065028e-01,2.069769262516274466e-01,2.192442320099417252e-01,1.898110540536777080e-01,1.624527618742916957e-01,1.956131916606658194e-01,1.814033019384799772e-01,1.728508268257245017e-01,1.607127064084079016e-01,1.326781740689045863e-01,1.131695435917319525e-01,9.829238619595620507e-02,9.457309498436712591e-02,1.036432719579524486e-01,9.841081590332553808e-02,1.171027014426339885e-01,1.117756749136236682e-01,1.279439202185220503e-01,1.569859837799207902e-01,1.442464963920150334e-01,1.485616248430618180e-01,1.771404068068118953e-01,2.017851005096100714e-01,2.054462725942051149e-01,2.388615681485513065e-01,2.722153979976023042e-01,2.980538536717257103e-01,2.870134693783958912e-01,2.617533649604131818e-01,2.554383351306271921e-01,2.088595814729768407e-01,1.447148965603370918e-01,1.461787254066829744e-01,1.315446838848681466e-01,1.453861754415653740e-01,1.163465457975423056e-01,1.340866368964204192e-01,1.335216588515760749e-01,1.358804138188243471e-01,1.539701044977873634e-01,1.359925262734584528e-01,1.139981316428704261e-01,1.234995354439150095e-01,1.958748904174896777e-01,2.489687293098949428e-01,2.397421844136363167e-01,3.249355466994555131e-01,3.537338838436432376e-01,2.459334660435276154e-01,2.189833615934987099e-01,2.122458354809914904e-01,2.080614563370504766e-01,2.095153666174600082e-01,2.248788447836088666e-01,2.287197143251460951e-01,2.271799303694259087e-01,1.967949813257577896e-01,1.466987454804510593e-01,1.466746894993566086e-01,1.516686744610017124e-01,1.704171726385639296e-01,1.626042942027222660e-01,1.581510732526573426e-01,1.820377665250249855e-01,1.905094411842214175e-01,1.901273622332063096e-01,1.744068415641299441e-01
1.725000031292438507e-01,1.481250030919909477e-01,1.095312496181577444e-01,9.238281188299879432e-02,1.380957013316219673e-01,1.470239260779635515e-01,1.592559839036766789e-01,1.373139998502210801e-01,1.493285020487178372e-01,2.298321244690981757e-01,2.074580296271584245e-01,1.743645097909753972e-01,1.410911238714651628e-01,1.102727783601630818e-01,8.006819295091303912e-02,1.050170454065076364e-01,8.625426001052240166e-02,9.656356425757253725e-02,1.291408915114279632e-01,1.572852228778569839e-01,1.843213052724294032e-01,1.510803267651421866e-01,1.402700807972158681e-01,1.375675193052343093e-01,1.593918835515988897e-01,1.623479732720854996e-01,1.280869955531955540e-01,1.645217491863221193e-01,1.711304362534992463e-01,1.577826111495373718e-01,1.719456568106978445e-01,1.654864165868602521e-01,1.588716075739821376e-01,1.872179027875651991e-01,2.568044765909609506e-01,2.917011219789608645e-01,2.279252816868331255e-01,1.794813190806037739e-01,1.573703305152089893e-01,1.368425827778138593e-01,1.617106470355579861e-01,1.754276633980172417e-01,1.738569166690681622e-01,1.484642296143018902e-01,1.696160614268889810e-01,1.599040150586990283e-01,1.549760021255470188e-01,1.812440024685377238e-01,2.178110000210879971e-01,2.794527477700978202e-01,2.348631860484547973e-01,2.387157924888001770e-01,1.971789511024322761e-01,1.855447419479332172e-01,2.213861862320413709e-01,2.115965428327200581e-01,2.253991351121335529e-01,2.488497827349521185e-01,2.272124410643780457e-01,2.205531087014725999e-01,1.876382811986816723e-01,1.694095726838562022e-01,1.523523925749175889e-01,1.630881018690196749e-01,1.457720259142897545e-01,1.539430061805492078e-01,1.959857503530444134e-01,2.139964366941914387e-01,1.659991061933156209e-01,1.614997738661198834e-01,2.003749436155415897e-01,1.932187381763124656e-01
1.400000005960464478e-01,1.249999981373548508e-01,1.062500006519258022e-01,1.065625002374872565e-01,1.091406246123369783e-01,1.047851567491306923e-01,1.211962861325446283e-01,1.227990689999387541e-01,1.306997650148105095e-01,1.476749433398651945e-01,1.644187409013611045e-01,1.711046879075492910e-01,1.927761704867712034e-01,1.756940402375070098e-01,1.614235097613535286e-01,1.053558787814428965e-01,9.633896813073880572e-02,1.240847397975105293e-01,1.485211846513544154e-01,1.446302979509779540e-01,1.386575735936748099e-01,1.421643951865580457e-01,1.055410963006950115e-01,7.388527534177245781e-02,1.259713206235824612e-01,1.264928271011575844e-01,1.266232055831965075e-01,1.116558014703049329e-01,9.791395066559946403e-02,1.669784896035508281e-01,1.842446243380386761e-01,1.960611583196838759e-01,1.640152916660835292e-01,1.760038282809389121e-01,1.590009610190424305e-01,1.047502406645425405e-01,8.118755986811240777e-02,9.029689026505133276e-02,8.257422122515832574e-02,1.006435535181502416e-01,1.351608859208459634e-01,1.437902208841650431e-01,1.784475571581922160e-01,1.946118877994319485e-01,2.136529673304980170e-01,1.584132422796593331e-01,1.471033123580541835e-01,1.617758318148038443e-01,1.779439609339331929e-01,1.619859936607503659e-01,1.854964979681527626e-01,1.913741221823582195e-01,1.303435300985547052e-01,1.350858816305690047e-01,1.612714717487467586e-01,1.828178661490473533e-01,1.732044678783663527e-01,2.020511145854058110e-01,2.130127801364675721e-01,1.807531945125762651e-01,1.251883005652950076e-01,1.587970802077185439e-01,1.471992718400689792e-01,1.517998163208895135e-01,1.829499573584778549e-01,1.707374930649097622e-01,1.526843726701809789e-01,1.531710915284175134e-01,1.532927749682669316e-01,1.608231961262525100e-01,1.377057954552844410e-01,1.344264466286469450e-01
1.174999978393316269e-01,1.143749984912574291e-01,9.859374992083758116e-02,8.714843748020939529e-02,7.678711093467427418e-02,5.669677736113953870e-02,5.417419437753778766e-02,4.104354844537283498e-02,7.026088763288385053e-02,1.000652214611861268e-01,1.250163031301223526e-01,1.287540759315422001e-01,1.121885190573913560e-01,1.105471293173130032e-01,1.201367797961308548e-01,1.050341942039746679e-01,8.875854855099366003e-02,8.718963847885291552e-02,8.429740961971322888e-02,9.857435300097475150e-02,1.083935866111159496e-01,9.209839799388350179e-02,1.080245985298954048e-01,1.120061486638983805e-01,1.130015380600442598e-01,1.232503851855633187e-01,1.058125974139779157e-01,1.064531494280002849e-01,1.166132853453433205e-01,1.216533188031384272e-01,1.229133271675872108e-01,1.182283303017806902e-01,1.345570792971897134e-01,1.561392684831929278e-01,1.490348183873969334e-01,1.147587051928956881e-01,1.036896755531658693e-01,9.592241732366954543e-02,1.064806038838825575e-01,9.412015365317966120e-02,1.060300416915503779e-01,1.390075148932359561e-01,1.397518810329889671e-01,1.274379677250498388e-01,1.218594899196056985e-01,1.154648733739710997e-01,1.438662204296553282e-01,1.559665580131402440e-01,1.139916378269044406e-01,9.599791027628996887e-02,1.589994792082002339e-01,1.972498686099571907e-01,1.568124689406286409e-01,1.492031166391107055e-01,1.523007831085853858e-01,1.330751983103437563e-01,1.532688024833123719e-01,1.583171979386190920e-01,1.845792971749747879e-01,9.489482506674143392e-02,5.372370513047181745e-02,1.196809255375598929e-01,1.624202354077035060e-01,1.631050612361116814e-01,1.082762679912369352e-01,1.020690681153963164e-01,1.330172650916981447e-01,1.582543144102793731e-01,1.320635760693724403e-01,1.205158925272269976e-01,1.076289737278531972e-01,1.212822405076104115e-01
6.999999936670064926e-02,6.249999883584678173e-02,5.562499881489202380e-02,4.640624944295268506e-02,4.410156256562913768e-02,3.852539049239567248e-02,3.963134788386923901e-02,3.490783641217376498e-02,5.122695861875570245e-02,6.530673987820634352e-02,9.882668452251675006e-02,1.072066706835943517e-01,1.118016667023231103e-01,1.329504171226156273e-01,1.457376087510022511e-01,9.893440405039571894e-02,7.973360071457570586e-02,8.618340032765553493e-02,8.654585235434095192e-02,6.413646353562008073e-02,6.853411610742243809e-02,6.213352895234980355e-02,4.803338197731713000e-02,5.700834541982347653e-02,6.925208512561006891e-02,7.231302098337928641e-02,8.557825606540868379e-02,8.639456349481153263e-02,1.040986404266680543e-01,9.852466174579474489e-02,1.021311660324951409e-01,9.553279366879216528e-02,1.038831984917038542e-01,1.159707976112692163e-01,1.114926989557824821e-01,9.287317608005013492e-02,9.071829297693125016e-02,9.267957261093347221e-02,6.566989266844562578e-02,5.641747320436431290e-02,3.141043783593748806e-01,6.385261156004810035e-01,2.271315278570389673e-01,1.342828825603061826e-01,9.607072250272169489e-02,8.901768010413978194e-02,9.475441887119495643e-02,9.868860583538582865e-02,1.621721544390787029e-01,1.380430424840715931e-01,9.701076248366305443e-02,7.425269043465124175e-02,6.856317149107571396e-02,9.464079346881537624e-02,1.311602001553431873e-01,1.252900475056384078e-01,1.063225111313515492e-01,1.040806283788843351e-01,1.210201596279184832e-01,8.775503908741574821e-02,6.443875975322747862e-02,4.110968937951332142e-02,5.527742227037252265e-02,1.038193554185815187e-01,1.384548358744131513e-01,1.371137080745336023e-01,1.392784293283133856e-01,1.248196053204215922e-01,1.137049008830705726e-01,1.059262258168140874e-01,1.114815536229828985e-01,8.537038735335121531e-02
9.250000119209289551e-02,6.312500033527612686e-02,3.578124963678419590e-02,3.644531179452314973e-02,3.661132779961917549e-02,4.915283198715769686e-02,5.978820740074297646e-02,6.244705218546187098e-02,5.561176308361837073e-02,6.890294047288136881e-02,9.472573571426678996e-02,1.136814337795550856e-01,1.234203591154410251e-01,1.058550908964473458e-01,8.896377365543441107e-02,6.474094386089343511e-02,8.868523760435109704e-02,1.021713122695613041e-01,5.554282739683807230e-02,7.388570550810501236e-02,7.847142503592174911e-02,7.211785555117528057e-02,5.052946409268478656e-02,4.263236535261893945e-02,5.315809085386699606e-02,6.078952398006545049e-02,9.519738293216731262e-02,1.112993461055708511e-01,8.532483756947399633e-02,8.133121084523171895e-02,7.283280293482534418e-02,8.820820289437471262e-02,9.455205236272140601e-02,9.363801525134872461e-02,1.034095038873429906e-01,1.083523755248009257e-01,9.208809522230473887e-02,6.302202291150652003e-02,2.825550591414114493e-02,3.956387668342625091e-02,3.989096850030430380e-02,5.997274100748898468e-02,7.499318391076773005e-02,7.124829526988676887e-02,6.031207426450652803e-02,6.007801849162082430e-02,5.251950425037617276e-02,7.312987658413468151e-02,9.578246974208011466e-02,9.894561669046197938e-02,8.473640283151098740e-02,7.618409947853194142e-02,6.654602427358653760e-02,6.663650588213211601e-02,5.415912563234270838e-02,5.353978144533858008e-02,7.588494629265721270e-02,5.397123672217591511e-02,4.849280839823301437e-02,5.212320120548857849e-02,4.803079951906118195e-02,6.200769876217820248e-02,7.550192334944004491e-02,8.887547927273808934e-02,1.047188693711496865e-01,9.117971868389193602e-02,9.279492810635106559e-02,1.006987307599890719e-01,6.767468267137081994e-02,5.941867018355496965e-02,9.985466657731327522e-02,1.080886656012470387e-01
8.250000234693288803e-02,6.562499958090484142e-02,6.390624929917976260e-02,6.597656213853042573e-02,6.899414075815002434e-02,7.474853716394136427e-02,5.618713484977888584e-02,6.654678393596213937e-02,9.663669605849634081e-02,1.041591740891298912e-01,1.160397915106257116e-01,1.165099463875403085e-01,1.166274851067689577e-01,1.166568697865761201e-01,8.916421889950724988e-02,7.229105360728971252e-02,8.057276340182242813e-02,6.514319263859494336e-02,2.378579799201067241e-02,4.344645005679621114e-02,6.836161448860290923e-02,6.959040384566814175e-02,9.989760051438220656e-02,9.747439990507814067e-02,8.436860049781017001e-02,1.010921501989583415e-01,1.127730360596234660e-01,1.056932596109523281e-01,9.142331624384258948e-02,7.785582783161484888e-02,7.196395718142112319e-02,8.799099145602365390e-02,1.044977474169710707e-01,1.211244337995047160e-01,1.127811080028413571e-01,9.569527968291935416e-02,9.142382260293885343e-02,8.785595699183922080e-02,7.446398854015465196e-02,5.611599769383220776e-02,5.402899946071095666e-02,6.350724874759064442e-02,7.337681136733378851e-02,6.584420317710956705e-02,6.896105101779481661e-02,8.474026264268999520e-02,6.118506569792540178e-02,6.779626664799875968e-02,7.194906822662161527e-02,4.798726638610315010e-02,4.949681622399675768e-02,6.487420427951660906e-02,6.371855140515528260e-02,5.842963829832365646e-02,5.710740955595446089e-02,4.177685223997699981e-02,4.794421361878779819e-02,4.698605355370856496e-02,3.924651277375423852e-02,3.231162769052436934e-02,2.807790647559625652e-02,3.451947646988745566e-02,6.862986963901250570e-02,9.215746852734021943e-02,9.053936795139891358e-02,8.513484198784973533e-02,9.628370975190438108e-02,7.907092620863029331e-02,6.976773043457047685e-02,7.494193178907875008e-02,7.623548399035097456e-02,8.468387337246030544e-02
8.249999955296516418e-02,8.062500134110450745e-02,8.015624899417161942e-02,1.000390604604035616e-01,8.750976511510089040e-02,8.437744314142037183e-02,8.109436130689573474e-02,9.777359092277038144e-02,1.144433975816809834e-01,1.386108487993737981e-01,1.421527102626924943e-01,1.180381771186382878e-01,1.170095427895434526e-01,1.217523831641884602e-01,1.129380953440122792e-01,1.107345233889682479e-01,1.101836304002072331e-01,1.125459066314763446e-01,1.156364751677529668e-01,1.014091185684208307e-01,8.785227964210520768e-02,1.094630684204101895e-01,1.323657638268470882e-01,1.455914379764795263e-01,1.313978564393818438e-01,1.428494635137990132e-01,1.632123672195542607e-01,1.183030924009350199e-01,9.957577526090212461e-02,9.239394463478939334e-02,7.559848638221476624e-02,8.389962107401305325e-02,1.134749027353058604e-01,1.133687228526058383e-01,9.334218019161082125e-02,9.083554586746657444e-02,7.770888616884341626e-02,7.192722083440569736e-02,6.298180513409562531e-02,7.824545128352390633e-02,8.206136468352612234e-02,7.801534221396280722e-02,7.700383752789455305e-02,5.425095953098525020e-02,4.356273921219405709e-02,4.339068454227819338e-02,4.834767169436308965e-02,5.458691837062561170e-02,6.864672929463318252e-02,7.216168109431249367e-02,5.554041943538780279e-02,3.888510430005340246e-02,4.222127581424302972e-02,4.805531951235430393e-02,5.701382980358277175e-02,6.175345638918795788e-02,3.793836359438279571e-02,3.198459039568150863e-02,4.049614733815005280e-02,5.262403681591105997e-02,2.315600898046034362e-02,8.289002654897018735e-03,4.707225058921844785e-02,7.176806130620010105e-02,8.044201532655002873e-02,8.761050651384652554e-02,9.940262722450807220e-02,1.148506547944702638e-01,1.162126659337917450e-01,1.365531682715872830e-01,1.191382892366761870e-01,9.040957130334066616e-02
1.399999987334012985e-01,1.224999981932342052e-01,1.206249993992969394e-01,1.251562505203764886e-01,1.037890642692218535e-01,9.344726874951447826e-02,1.008618177834250673e-01,1.227154508695775803e-01,1.306788604822202160e-01,1.376697155675898898e-01,1.244174287428858605e-01,1.061043564406634054e-01,1.265260887376368215e-01,1.291315223334208173e-01,1.472828826695177784e-01,1.518207190282517272e-01,1.379551793845339158e-01,1.294887936540405904e-01,1.348721975194404621e-01,1.312180458035814290e-01,1.328045092157211782e-01,1.432011267078838468e-01,1.558002789947619537e-01,1.664500673645046835e-01,1.791125160960680973e-01,1.622781287259937866e-01,1.355695291267604019e-01,1.288923810895972188e-01,1.322230948998702749e-01,1.130557719368282255e-01,8.826394164310255586e-02,9.206598384615372055e-02,1.105164944714223108e-01,1.051291242139020254e-01,9.128228239458001381e-02,8.282056925754049947e-02,7.820514149482125921e-02,6.705128570898144513e-02,6.426282269384406276e-02,8.606570783412939574e-02,1.015164270330381480e-01,1.053791049701202076e-01,8.634477490142554446e-02,7.158619260776930004e-02,4.289654759314878024e-02,3.572413633949365203e-02,5.393103307904503069e-02,6.098275767371480471e-02,5.274568951156095864e-02,2.818642204261411280e-02,4.704660461658385917e-02,5.926165009243822973e-02,4.731541226233923481e-02,6.432885328910223355e-02,7.608221384381619323e-02,1.040205543550237199e-01,1.110051385515030270e-01,7.025128415358801448e-02,5.506282159719054492e-02,5.376570543655054268e-02,6.594142658265504664e-02,8.148535798676827258e-02,8.287133949669206467e-02,9.571783599176010571e-02,1.089294580293645592e-01,1.172323643583295244e-01,1.518080897484778702e-01,1.679520251193284686e-01,1.669880100051223948e-01,1.342470036933735011e-01,1.185617518174130469e-01,1.446404358495642362e-01
1.224999986588954926e-01,1.256249984726309776e-01,1.539062482770532370e-01,1.684765647514723241e-01,1.646191435720538720e-01,1.361547828382754233e-01,1.340386934743946767e-01,1.510096730705754453e-01,1.577524230360154434e-01,1.769381087392360996e-01,2.092345262907393533e-01,2.373086339568706293e-01,2.018271604263686125e-01,1.879567856362437950e-01,1.544891944719100074e-01,1.761222978729194422e-01,1.940305729781137412e-01,1.860076462247606532e-01,1.865019121522366041e-01,1.716254817633494356e-01,1.529063698447909181e-01,1.657265900770119316e-01,1.839316457311136466e-01,1.884829096446390684e-01,1.696207260700552666e-01,1.324051813685022116e-01,1.381012957891603887e-01,1.470253246923481638e-01,1.442563329612263912e-01,1.060640854009749778e-01,9.401602216980761706e-02,7.850400524442868733e-02,8.212600131110717183e-02,8.553150166888129347e-02,7.638287418787452487e-02,7.159571877048603872e-02,9.039893133174924100e-02,8.009973247903473537e-02,4.002493267272384803e-02,5.750623257213451078e-02,7.687655814303362423e-02,9.171913931224098815e-02,7.042978516333636696e-02,5.260744643984570368e-02,6.565185997083369807e-02,1.114129619379703728e-01,1.028532388081119658e-01,6.821330921774024225e-02,5.455332786322860533e-02,5.863833189130134710e-02,6.465958185523824897e-02,5.366489509128052893e-02,7.341622429436077402e-02,9.085405771271792830e-02,9.521351606730721340e-02,1.038033790913326093e-01,9.845084641196089059e-02,9.211271428519923754e-02,9.052818125350882428e-02,8.763204665448171005e-02,8.690801114207978573e-02,9.672700390310703944e-02,1.041817510502825728e-01,1.185454352293732472e-01,1.271363552310646183e-01,1.367840855295106850e-01,1.516960210843544543e-01,1.404240081023092335e-01,1.426060000884263601e-01,1.806514958497814627e-01,1.601628723233176343e-01,1.406657180435764987e-01
1.624999977648258209e-01,1.331250006332993507e-01,1.407812519464641809e-01,1.251953109749592841e-01,1.087988283397862688e-01,1.221997058928536717e-01,1.380499245360624627e-01,1.420124791968646605e-01,1.855031183091000457e-01,1.763757822594840263e-01,2.290939404984762007e-01,3.147734779720616771e-01,2.161933687479573596e-01,1.640483434535880414e-01,1.410120873535131159e-01,1.752530224344247267e-01,1.638132529263971737e-01,1.584533129335760626e-01,1.371133321076959399e-01,1.192783339209936566e-01,1.698195803510045565e-01,2.024548915114724734e-01,1.781137204936823204e-01,1.920284272921999602e-01,1.855071023527016250e-01,1.413767725334373615e-01,1.353441908981851682e-01,1.538360450423372772e-01,1.534590096214565880e-01,1.358647525543757728e-01,1.114661887346403979e-01,9.786654934432847952e-02,7.696663802526082510e-02,3.424165917103907941e-02,4.606041442023074001e-02,5.901510394033381013e-02,6.975377568706023212e-02,8.993844276692507245e-02,6.498461113876610740e-02,6.624615259842700499e-02,5.156153736729578163e-02,4.789038449083556082e-02,7.197259664424952852e-02,6.049314960809722141e-02,6.512328907840493619e-02,3.878082223234832759e-02,5.719520682468578338e-02,6.929880327079337987e-02,4.232470025890480020e-02,3.558117450593265702e-02,4.139529290005155432e-02,3.284882318775998733e-02,6.321220549891677642e-02,7.330305055516532498e-02,8.582576159571005114e-02,1.139564378657301064e-01,1.059891100624789778e-01,9.399728019782875588e-02,9.099932273166620733e-02,9.524983232204428663e-02,1.188124568884181831e-01,1.447031125829768006e-01,1.286757793378370818e-01,1.196689470696334495e-01,1.574172381085128802e-01,1.693543122093372211e-01,1.548385825226826495e-01,1.087096477913390424e-01,1.071774120223405735e-01,1.292943521115154648e-01,1.573235880278788801e-01,1.599558946600368459e-01
1.100000012665987015e-01,7.250000024214386940e-02,9.562500065658241510e-02,1.114062486740294844e-01,1.353515602313564159e-01,1.488378902813565219e-01,1.197094721233042947e-01,9.742737071303508856e-02,9.685684431738650346e-02,1.142142109303350139e-01,1.435535548187463206e-01,1.658883913868955950e-01,1.714720968036426152e-01,1.828680247969571016e-01,1.557170037405476715e-01,1.414292500410672671e-01,1.803573120632319948e-01,2.050893244395293191e-01,1.687723308118591059e-01,1.471930850126447754e-01,1.542982709551379839e-01,2.060745681858193734e-01,1.890186375761064852e-01,1.372546573823698601e-01,1.193136652396621367e-01,1.298284159373865043e-01,1.274571027922537514e-01,1.343642748039937662e-01,1.185910658697778147e-01,9.214776646744445021e-02,1.005369422129075568e-01,1.226342319769481992e-01,1.156585551630164299e-01,8.141463808294895077e-02,5.285365972562820758e-02,4.321341426085479470e-02,5.830335296916724919e-02,8.207583719921052179e-02,9.551895669209942152e-02,6.637973962005969120e-02,7.659493635787813226e-02,7.164873431298694750e-02,8.291218491935124779e-02,6.822804516813008036e-02,4.205701073323897532e-02,4.801425231078071398e-02,6.450356330121259640e-02,6.362589116057927596e-02,5.090647293915642746e-02,4.522661797401878597e-02,4.880665505229823953e-02,4.970166432186810812e-02,4.492541628535799692e-02,4.373135381056917487e-02,5.593283837813648601e-02,4.898320881222315709e-02,5.974580160700933978e-02,5.243645049488459414e-02,3.810911206492760550e-02,7.952727645160997949e-02,9.488181743652186750e-02,6.622045387484272461e-02,6.655511421376873737e-02,5.163877963377637437e-02,4.096956535021567536e-04,6.760242287029424868e-02,9.440060351965229302e-02,7.735014991133759565e-02,8.933753498188989894e-02,6.483438419250731055e-02,9.620859798527778284e-02,1.415521533892477868e-01
6.749999895691871643e-02,6.187499966472387314e-02,6.046874984167516232e-02,9.261718805646523833e-02,1.006542976101627573e-01,9.516357656320906244e-02,8.379089466234290740e-02,7.344772202645799553e-02,1.233619272283590362e-01,1.583404794229039680e-01,1.595851190361621263e-01,1.298962796100289196e-01,1.549740685614027225e-01,1.662435184814551881e-01,1.715608823025728258e-01,1.753902245989567010e-01,1.688475561497391753e-01,1.747118856101677054e-01,1.886779672302167921e-01,1.746694894233684070e-01,2.011673711637492201e-01,2.252918435359953508e-01,1.888229611820220755e-01,1.497057394014358334e-01,1.424264371600389434e-01,1.281066067568123468e-01,1.370266484109476379e-01,1.417566601655859682e-01,1.054391644080971413e-01,8.135979080400106145e-02,8.533994811078220166e-02,7.883498620813168822e-02,1.047087455834574549e-01,1.136771849057482547e-01,1.134192952578615965e-01,1.083548220263260697e-01,9.458870446350023387e-02,1.061471756688402296e-01,1.090367934701752251e-01,9.725919773424446246e-02,6.681479894927337682e-02,6.670370048237640737e-02,8.167592553037603120e-02,7.291898160611141877e-02,7.572974737593171635e-02,4.393243721651195893e-02,2.098310908061057356e-02,5.024577719564683742e-02,8.506144593803943721e-02,8.126536293737307570e-02,6.531633972851488834e-02,6.382908433608226739e-02,6.845727130753798129e-02,6.961431805040191323e-02,4.990357971749144472e-02,3.747589437057931988e-02,7.936897202802291329e-02,3.984224255997088904e-02,1.746056047235465883e-02,6.186514022984737626e-02,1.204662855044966729e-01,9.261657137612416824e-02,8.065414481843490024e-02,5.516353635362034047e-02,4.379088341785283139e-02,4.844772048193417974e-02,5.961193045575967353e-02,5.240298317273346662e-02,4.810074594219497512e-02,3.702518592675520248e-02,2.925629603465396480e-02,4.418907330085833363e-02
1.749999960884451866e-02,2.937499934341758490e-02,5.484374923980794847e-02,5.621093729132553563e-02,5.155273488162492868e-02,8.538818535953396349e-02,1.088470448497673715e-01,1.122117583812212160e-01,1.005529375091427369e-01,1.126382328871695648e-01,9.315955956289689865e-02,8.328988854961971722e-02,9.832247273345137706e-02,1.345806213126067019e-01,1.286451559987039361e-01,1.196612912348501701e-01,1.549153265340028340e-01,1.737288332726284468e-01,1.459322074240874401e-01,1.439830499188708979e-01,1.859957609896016051e-01,2.064989348084765586e-01,1.341247332550843108e-01,1.060311849528988160e-01,1.040077968342711656e-01,1.010019503261548879e-01,1.077504871345038862e-01,9.443762446583497949e-02,9.860940723404583441e-02,1.146523497968547078e-01,1.161630859590975645e-01,1.165407699996582752e-01,1.191351904882578111e-01,1.072837982181109040e-01,1.093209491074929041e-01,1.098302368298383902e-01,1.124575582388841199e-01,1.131143885911455593e-01,1.007785987869141142e-01,8.519465114959173802e-02,8.129866144629342706e-02,1.078246638714572408e-01,1.069561660423701266e-01,9.923904314972026297e-02,9.230976346963908064e-02,9.307744302807814674e-02,9.326936105504275709e-02,7.581733955595552910e-02,5.645433544778243051e-02,5.661358430898044691e-02,5.665339605861866024e-02,2.091633558319359043e-01,4.447908520710058267e-01,2.686977118256585473e-01,2.746744312346701133e-01,1.911686101928533055e-01,2.277921541128352656e-01,3.919480356969882173e-01,8.429869987914574425e-01,6.882467413532140643e-01,6.270616835501642283e-01,5.917654269970171743e-01,2.479413563767252637e-01,1.619853368590071507e-01,1.579963339167285707e-01,1.244990862358969635e-01,4.362477127957746503e-02,5.906192931653076947e-03,3.147654756236101248e-02,5.036913733762508893e-02,6.509228595490755553e-02,3.564807105566188822e-02
2.999999979510903358e-02,1.999999966938048601e-02,2.999999935855157673e-02,4.749999894556822255e-02,5.937499867468432058e-02,3.984374910987753537e-02,5.996093615988229431e-02,9.874023240084284225e-02,8.968505757867006878e-02,8.492126439466751719e-02,1.012303161731726853e-01,1.153075788942815594e-01,1.413268917433381511e-01,1.103317203281313219e-01,7.758292896444574094e-02,1.018957317940765994e-01,9.547393510918752990e-02,1.063684833302620536e-01,1.290921199384958418e-01,1.572730337099142450e-01,1.718182587255017713e-01,1.329545626697186678e-01,1.107386412634761147e-01,1.201846615079619346e-01,1.350461676866704652e-01,1.237615399100108621e-01,1.209403829658459578e-01,1.227350932082640900e-01,1.156837704708453957e-01,9.642094157463006188e-02,1.016052359897039736e-01,1.029013095934724342e-01,1.157253253867113474e-01,1.014313329858055612e-01,6.785783509047008111e-02,2.696445854910010237e-02,5.424111404122857610e-02,7.356027903184778061e-02,9.339007087554904163e-02,1.033475177933930733e-01,1.158368774366915210e-01,1.239592181670799986e-01,1.234898057338628952e-01,9.087245288632894713e-02,7.771811292355901291e-02,8.442952864067168606e-02,7.360738238368533248e-02,7.590184757032519824e-02,4.647546220923097493e-02,3.161886510527290445e-02,6.790471493521371693e-02,1.019761777652279655e-01,1.629940436962489247e-01,3.332485076458067685e-01,4.158121227391265440e-01,3.339530236812359165e-01,3.059882597946108618e-01,4.389970731442913721e-01,2.847492690311309582e-01,3.161873145755737524e-01,3.915468286438934520e-01,2.803867082040546466e-01,3.600966761569440178e-01,5.175241636748180163e-01,4.243810427068438473e-01,5.260952624648502773e-01,6.065238096557481473e-01,5.641309390028919069e-01,2.097827362408390961e-01,1.049456833524046173e-01,4.873642080084825134e-02,4.468410552151835108e-02
2.749999985098838806e-01,1.487499969080090523e-01,9.468749840743839741e-02,9.617187437834218144e-02,7.654296881810296327e-02,8.413574168298509903e-02,1.085339339306301554e-01,1.171334833336459269e-01,1.217833720255043772e-01,1.004458451670444674e-01,1.101114621858307885e-01,1.125278655092047941e-01,7.813196525971410900e-02,8.453299079338788546e-02,9.363324933747470269e-02,8.340831378723188860e-02,7.335207867032539353e-02,8.583802234979036327e-02,8.395950745009274352e-02,8.098987738406382419e-02,8.774747016557982171e-02,8.443686754139495543e-02,1.061092159167732751e-01,1.340273020420423844e-01,1.860068253614989842e-01,2.190017094696186106e-01,2.222504278144395162e-01,1.980626051654705289e-01,1.745156550166579446e-01,1.886289170324199627e-01,1.771572319403139917e-01,1.592893063459507597e-01,1.673223279275922182e-01,1.968305831739909917e-01,1.867076450484396744e-01,2.091769127522260519e-01,1.947942263999171697e-01,1.786985555568980089e-01,1.571746396342825758e-01,1.617936622927564350e-01,1.504484187024329733e-01,1.226121046383553403e-01,9.065302481848432070e-02,1.101632547145049712e-01,1.175408135296146378e-01,1.768852042764733346e-01,2.217213031552809077e-01,1.204303271299247413e-01,1.451075838686437525e-01,2.762769055039041022e-01,2.990692342735914444e-01,2.372673100585139805e-01,2.718168260245124035e-01,3.279542044199655337e-01,3.519885543832468322e-01,3.529971391918581558e-01,2.557492815197091041e-01,1.764373248502756342e-01,1.591093332987314757e-01,1.372773316110493247e-01,7.931933282825652520e-02,7.232983156793640345e-02,1.030824550607634671e-01,9.827061167902829963e-02,1.320676509826061162e-01,1.780169122986166863e-01,2.945042206240735538e-01,4.161260488975306870e-01,3.590315223571722836e-01,2.997578870712981902e-01,2.524394701286968301e-01,3.668598665635987022e-01
